	ATF2	ATF6	CREB1	ELK1	ESR1	ESR2	FOS	HIF1A	JUN	LEF1	MYC	STAT1	STAT3	STAT5B	STAT6	TCF7L2
KDB010_A549_96H:TRCN0000039588:-666	0.45285863189756453	0.5083900910059581	0.47363996957244003	0.5586051256642159	0.5551399734585185	0.43187888269349045	0.574188722341438	0.5035358472708168	0.16063748124131386	0.4866314215113084	0.49409404832857945	0.4806930626220726	0.47046980335891786	0.5223646478387933	0.44147182858804174	0.5150302113415591
TAK002_HEKTE_96H:TRCN0000033254:-666	0.5497221703058992	0.508397632297947	0.4721252538390289	0.5554448637467895	0.466787698767577	0.4771808180969857	0.3887865926604533	0.5035360405124579	0.5350691484744525	0.4875854762586004	0.7730775229941373	0.48053747239952016	0.4702766853510697	0.5218826310180741	0.5007148720554984	0.5119098260029548
KDC004_A549_96H:M01	0.4539503529147877	0.5083900910059581	0.4736041269731696	0.5564236443034015	0.5556511531558992	0.4578190254948327	0.49932595430214727	0.5029540006749739	0.5347182532428589	0.4866314215113084	0.6115462898728502	0.4806930626220726	0.47046980335891786	0.5223646478387933	0.44147182858804174	0.5150302113415591
KDC003_VCAP_120H:P21	0.4595966168566366	0.0	0.47339867201343666	0.5571703500567815	0.5039025882678322	0.45088035457305026	0.47458699212591443	0.5032138159609832	0.5349385857597704	0.5274711782414967	0.6923738516446712	0.4805501548742503	0.4702952158033944	0.5219332073012823	0.4906123603280971	0.5144349099669404
KDA002_MCF7_96H:TRCN0000020843:-666	0.5459443800680688	0.508388030715085	0.4737727143671702	0.5590015134311345	0.42028079875554086	0.42520398634969714	0.5505983334242163	0.5035487861928921	0.5363899513818121	0.48896726071674984	0.4747904122669211	0.4804194802717081	0.0	0.5215481313040499	0.49979772415310275	0.49645233809105666
KDB010_A375_96H:TRCN0000039565:-666	0.39126187778639654	0.5083890996810002	0.4730947274725692	0.5580103432808513	0.47418718180631636	0.4444756327764307	0.5185246293714304	0.503630400444552	0.534932293423721	0.4335579867899893	0.660577953641919	0.48055160015542536	0.47029742673826963	0.5219368751588312	0.4963586128064955	0.39524789619329337
TAK001_HEKTE_96H:TRCN0000055428:-666	0.7073056894447634	0.508397632297947	0.47217848204755014	0.5574132285481646	0.4696801910348787	0.45432486161683117	0.5171857302816825	0.5037778370595272	0.5351919486748413	0.4875854762586004	0.6931048254739887	0.48053747239952016	0.4702766853510697	0.5218826310180741	0.5007148720554984	0.5119098260029548
KDD010_PC3_96H:TRCN0000003103:-666	0.5460611236612444	0.5083918471961066	0.47340408260184064	0.5567076229163983	0.44051031153590336	0.45260760886080403	0.5425379326040014	0.5029629751251931	0.5353695864998254	0.4731940150550643	0.6584202429750988	0.4785836197709056	0.4680128153563969	0.5164836694999148	0.6826734257195598	0.49483110025658833
KDA007_PC3_96H:H06	0.5460611236612444	0.5083918471961066	0.47340408260184064	0.5567076229163983	0.44051031153590336	0.45260760886080403	0.5425379326040014	0.5029629751251931	0.5353695864998254	0.4731940150550643	0.6584202429750988	0.48048622890138665	0.4702197539541552	0.5217460050382549	0.0	0.49483110025658833
ERGK005_VCAP_120H:TRCN0000006159:-666	0.5985951346164566	0.5083903592268927	0.4730444077952767	0.5571703500567815	0.5039025882678322	0.45088035457305026	0.5256298013026345	0.5032138159609832	0.534691400284967	0.5274711782414967	0.6923738516446712	0.4805501548742503	0.4702952158033944	0.5219332073012823	0.4906123603280971	0.5144349099669404
KDC007_MCF7_96H:TRCN0000059230:-666	0.5470633960782896	0.508388030715085	0.47376954860206466	0.5588933089995687	0.4202522659703416	0.42680042175604743	0.5462023916341802	0.5035247363924311	0.5363807920752113	0.48896726071674984	0.4821565833237964	0.4804194802717081	0.47013731919301377	0.5215481313040499	0.49979772415310275	0.49645233809105666
KDA001_HA1E_96H:TRCN0000039634:-666	0.10754932048446932	0.5083902456412284	0.4703484224627972	0.4469927381174976	0.5546390435586944	0.5836442464622816	0.6525733384305462	0.23095009654685486	0.5248354171518583	0.459596701051615	0.11910158149658348	0.4808104699583026	0.4706059405297812	0.5226906133196407	0.34903724907098505	0.4032285116110194
KDD009_HCC515_96H:TRCN0000010174:-666	0.4230613126650172	0.5083936244804077	0.47335268384746504	0.5596742522327004	0.47242048997564123	0.6144802543747102	0.5799569037463898	0.5038293141267174	0.5355346400291122	0.5961434073610832	0.48009433657703493	0.4805763500250902	0.4703237033235643	0.5219898123402219	0.47342650767416167	0.5850354963505037
KDA003_HEPG2_96H:TRCN0000010039:-666	0.2614261938707193	0.508395345811628	0.4729539183848988	0.527362177328241	0.16464398238094063	0.6183564878189444	0.0	0.5056471362522923	0.5349432516850106	0.48028759737725735	1.0	0.4804808543433313	0.47020767902615634	0.5217133161506193	0.5105347400132719	0.49481422737606484
TAK001_A375_96H:TRCN0000004573:-666	0.11053560627977553	0.5083890996810002	0.47171758365225724	0.558371883636627	0.4689129120964453	0.44384527916896643	0.607142741427136	0.5040072091854856	0.533724424617946	0.4889718103773253	0.6832595385171455	0.48055160015542536	0.47029742673826963	0.5219368751588312	0.4963586128064955	0.5192266408239449
KDC004_HA1E_96H:TRCN0000047630:-666	0.48823463384627414	0.5083902456412284	0.471859173636088	0.4151349937407075	0.5511508822349369	0.5974037722991522	0.4837938025599573	0.2524414921710588	0.5280695336338054	0.459596701051615	0.3593841645127747	0.4807684716496598	0.4705559091933648	0.5225709638826849	0.3790333322847059	0.4032285116110194
TA.KD009_A549_96H:TRCN0000218254:1	0.0	0.5083900910059581	0.47363996957244003	0.5586051256642159	0.5551399734585185	0.43187888269349045	0.574188722341438	0.5035358472708168	0.5348763226767782	0.4866314215113084	0.49409404832857945	0.4806930626220726	0.47046980335891786	0.5223646478387933	0.44147182858804174	0.5150302113415591
KDD008_VCAP_120H:TRCN0000040046:-666	0.45841611834587115	0.5083903592268927	0.4734133329559493	0.5578842077678536	0.503928209511134	0.4420243036462638	0.5096633892818969	0.5033699240629106	0.5349885314711426	0.5274711782414967	0.6607084197976258	0.4805501548742503	0.4702952158033944	0.5219332073012823	0.4906123603280971	0.5144349099669404
KDA005_PC3_96H:TRCN0000010163:-666	0.5456833805728698	0.5083918471961066	0.47348720304369724	0.55980911893964	0.35048467909178826	0.6128273169149848	0.6239847301890973	0.5037138518691007	0.5355593177148167	0.596703588428719	0.4769967716262434	0.48048622890138665	0.4702197539541552	0.5217460050382549	0.5054247308792794	0.5849901705611177
TAK001_HEKTE_96H:TRCN0000303773:-666	0.5658706335820824	0.508397632297947	0.4723082690132466	0.5385579248814102	0.5207927954210434	0.5376853859640358	0.2654561519767582	0.49423795416418753	0.5342340069547616	0.4875854762586004	0.755764520481269	0.48053747239952016	0.4702766853510697	0.5218826310180741	0.5007148720554984	0.5119098260029548
KDA005_MCF7_96H:TRCN0000004265:-666	0.5459443800680688	0.508388030715085	0.4737727143671702	0.5590015134311345	0.42028079875554086	0.42520398634969714	0.5505983334242163	0.5035487861928921	0.5363899513818121	0.48896726071674984	0.4747904122669211	0.42501332412996534	0.47013731919301377	0.5215481313040499	0.49979772415310275	0.49645233809105666
KDA005_MCF7_144H:TRCN0000010163:-666	0.5442569927325239	0.508388030715085	0.473822665136254	0.561148947420824	0.31546766877066357	0.6066267632947631	0.6183331854633957	0.5040098246762021	0.5364988533305859	0.6062364285164039	0.3144862918958637	0.4804194802717081	0.47013731919301377	0.5215481313040499	0.49979772415310275	0.584898402558694
KDB006_HEPG2_96H:TRCN0000010162:-666	0.396626755919055	0.508395345811628	0.4734406393896669	0.5591786072648369	0.3497392361979965	0.6171296534305983	0.5996510617788696	0.5037926668760534	0.536006256718112	0.60138290248402	0.4831049550485523	0.4804808543433313	0.47020767902615634	0.5217133161506193	0.5105347400132719	0.5849585216222665
KDD008_PC3_96H:TRCN0000000945:-666	0.5460611236612444	0.5083918471961066	0.47340408260184064	0.5567076229163983	0.44051031153590336	0.45260760886080403	0.29542853912867534	0.5029629751251931	0.5345504746010096	0.4731940150550643	0.6584202429750988	0.48048622890138665	0.4702197539541552	0.5217460050382549	0.5054247308792794	0.49483110025658833
KDD006_PC3_96H:TRCN0000004264:-666	0.5460611236612444	0.5083918471961066	0.47340408260184064	0.5567076229163983	0.44051031153590336	0.45260760886080403	0.5425379326040014	0.5029629751251931	0.5353695864998254	0.4731940150550643	0.6584202429750988	0.4284073780893688	0.4702197539541552	0.5217460050382549	0.5054247308792794	0.49483110025658833
KDD008_MCF7_96H:TRCN0000000677:-666	0.5459443800680688	0.508388030715085	0.47306435428067756	0.5590015134311345	0.42028079875554086	0.42520398634969714	0.5505983334242163	0.5035487861928921	0.5363899513818121	0.48896726071674984	0.4747904122669211	0.4804194802717081	0.47013731919301377	0.5215481313040499	0.49979772415310275	0.49645233809105666
KDC008_A375_96H:TRCN0000059110:-666	0.39126187778639654	0.5083890996810002	0.4730947274725692	0.5580103432808513	0.47418718180631636	0.4444756327764307	0.5185246293714304	0.503630400444552	0.534932293423721	0.4889718103773253	0.660577953641919	0.4806597817140449	0.47043923185721553	0.52223531127483	0.503566381952404	0.5192266408239449
KDA004_HEPG2_96H:TRCN0000003301:-666	0.3974076203568696	0.508395345811628	0.47344672385544107	0.5595425748480827	0.0	0.41973092618735053	0.6099106068020516	0.5038589053763494	0.5360234533320879	0.48028759737725735	0.4552447492299061	0.4804808543433313	0.47020767902615634	0.5217133161506193	0.5105347400132719	0.49481422737606484
TAK001_HEKTE_96H:TRCN0000002329:-666	0.5962617392449443	0.508397632297947	0.4720126582798167	0.49973100348146515	0.5834396745136327	0.5320819457978991	0.7305942615646033	0.18528165231158705	0.5327764259797	0.4875854762586004	0.0	0.48053747239952016	0.4702766853510697	0.5218826310180741	0.5007148720554984	0.5119098260029548
KDD007_MCF7_96H:TRCN0000000512:-666	0.600554255522722	0.508388030715085	0.47107618810619717	0.5590015134311345	0.42028079875554086	0.42520398634969714	0.6831812359070636	0.5035487861928921	0.535622295759846	0.48896726071674984	0.4747904122669211	0.4804194802717081	0.47013731919301377	0.5215481313040499	0.49979772415310275	0.49645233809105666
KDB008_HT29_96H:TRCN0000016003:-666	0.5324703884559409	0.5083943574707	0.47351621258746096	0.5600249553943777	0.5289946923177942	0.41377608425700596	0.0	0.5039341034350568	0.5352402967801443	0.47206350205802916	0.41979770287496515	0.4805689048266811	0.47030917661866034	0.5219784065523835	0.47610879040987103	0.4876668361695111
KDC003_MCF7_96H:TRCN0000017855:-666	0.5459443800680688	0.0	0.4737727143671702	0.5590015134311345	0.42028079875554086	0.42520398634969714	0.5505983334242163	0.5035487861928921	0.5363899513818121	0.48896726071674984	0.4747904122669211	0.4804194802717081	0.47013731919301377	0.5215481313040499	0.49979772415310275	0.49645233809105666
KDD008_HCC515_96H:TRCN0000338165:-666	0.42184234089332406	0.5083936244804077	0.47331033567112685	0.557707264185897	0.5091211834754925	0.4449754899072199	0.5027329126196431	0.503433669423717	0.400060889783902	0.4804893995139822	0.616463087298007	0.4805763500250902	0.4703237033235643	0.5219898123402219	0.47342650767416167	0.507048530503268
KDC003_MCF7_96H:TRCN0000055482:-666	0.5624007618148235	0.508388030715085	0.47364916649877414	0.554134669679356	0.43067425532383796	0.47650573852316924	0.3586426903195978	0.5020496827328312	0.5361052179697064	0.48896726071674984	0.6774462241789634	0.4804530898798437	0.47017708494746563	0.5216432556595528	0.488042008870877	0.49645233809105666
KDA009_HT29_96H:TRCN0000271277:-666	0.5308281190007127	0.5083943574707	0.4735144205611293	0.5599966529195005	0.5289808102994623	0.4142465156881701	0.5927296944059961	0.5039290270259423	0.5352232807131445	0.47206350205802916	0.4220677871821533	0.4805689048266811	0.47030917661866034	0.5219784065523835	0.47610879040987103	0.4876668361695111
KDC008_HT29_96H:TRCN0000059108:-666	0.5324703884559409	0.5083943574707	0.47351621258746096	0.5600249553943777	0.5289946923177942	0.41377608425700596	0.5943579894435753	0.5039341034350568	0.5352402967801443	0.47206350205802916	0.41979770287496515	0.4806762972019534	0.470450216582123	0.5222749531551112	0.4843501789349862	0.4876668361695111
KDA007_MCF7_96H:J04	0.5737479008379783	0.508388030715085	0.4738017169326317	0.5557100853014716	0.4727459352241872	0.4349226723986354	0.6077269678836641	0.49991630833655354	0.5345816221485178	0.48896726071674984	0.2469190343545383	0.4804194802717081	0.47013731919301377	0.5215481313040499	0.49979772415310275	0.49645233809105666
DER001_A375_96H:TRCN0000121071:-666	0.4378282791253345	0.5083890996810002	0.4729487861045996	0.5489853609195027	0.5038795231180443	0.5022977523213299	0.3799446769202368	0.4991508104800611	0.5343255235279272	0.4889718103773253	0.7259081487141718	0.480638087523414	0.47040003954353193	0.5221823793088562	0.46170405281803373	0.5192266408239449
KDD002_HCC515_96H:TRCN0000001495:-666	0.0	0.5083936244804077	0.4724083751757809	0.557707264185897	0.5091211834754925	0.4449754899072199	0.5027329126196431	0.503433669423717	0.5354266604189776	0.4804893995139822	0.616463087298007	0.4805763500250902	0.4703237033235643	0.5219898123402219	0.47342650767416167	0.507048530503268
TA.KD010_A549_96H:TRCN0000310112:1	0.5392200783850407	0.5083900910059581	0.4733479411504008	0.5468361222375238	0.5690147143733753	0.5044238422532281	0.4881013010886559	0.4970667390817055	0.5339271833899792	0.4866314215113084	0.5777640045841865	0.4807462333608658	0.47053300769046197	0.5225157670407578	0.4110453415486288	0.5150302113415591
TA.KD007_HT29_96H:TRCN0000329811:4	0.5324703884559409	0.5083943574707	0.47351621258746096	0.5600249553943777	0.5289946923177942	0.41377608425700596	0.5943579894435753	0.5039341034350568	0.5352402967801443	0.47206350205802916	0.41979770287496515	0.4805689048266811	0.0	0.5219784065523835	0.47610879040987103	0.4876668361695111
KDC010_A549_96H:TRCN0000004572:-666	0.33324333377885706	0.5083900910059581	0.4721364297807811	0.5590647137097989	0.5527178993475621	0.431441333775716	0.6373419630173379	0.5040611105631659	0.5342298761775843	0.4866314215113084	0.5408886980810614	0.4806930626220726	0.47046980335891786	0.5223646478387933	0.44147182858804174	0.5150302113415591
KDB003_A375_96H:TRCN0000039640:-666	0.39126187778639654	0.5083890996810002	0.4730947274725692	0.5580103432808513	0.47418718180631636	0.4444756327764307	0.5185246293714304	0.503630400444552	0.534932293423721	0.4889718103773253	0.0	0.48055160015542536	0.47029742673826963	0.5219368751588312	0.4963586128064955	0.5192266408239449
ERGK004_VCAP_120H:TRCN0000194685:-666	0.4595966168566366	0.5083903592268927	0.4725251389578748	0.5571703500567815	0.5039025882678322	0.45088035457305026	0.47458699212591443	0.5032138159609832	0.5349385857597704	0.5274711782414967	0.6923738516446712	0.4805501548742503	0.4702952158033944	0.5219332073012823	0.4906123603280971	0.5144349099669404
KDA005_A549_96H:TRCN0000039794:-666	0.4551029890008058	0.5083900910059581	0.47368133612815067	0.5608308430368304	0.5384247819849562	0.6086095379802656	0.6343287026529646	0.5039889055061	0.5350102475766947	0.5961010226284573	0.3276363642873619	0.4806930626220726	0.47046980335891786	0.5223646478387933	0.44147182858804174	0.5850532507563901
KDA001_PC3_96H:TRCN0000039635:-666	0.2829442781270812	0.5083918471961066	0.4724054853122444	0.5301824560934456	0.5476548460176864	0.518775118723095	0.6464324135504284	0.47263250729043726	0.5312402356186401	0.4731940150550643	0.08030661871588474	0.48056792721327407	0.4703165473146482	0.5219776131209415	0.47561140119606937	0.49483110025658833
KDD002_HT29_96H:TRCN0000000770:-666	0.535856765905114	0.5083943574707	0.4733326941881456	0.552159200583945	0.5293898385493766	0.49928391089658763	0.22363483776045193	0.5022076913012077	0.5347517029619241	0.47206350205802916	0.7773889595350464	0.4805689048266811	0.47030917661866034	0.5219784065523835	0.47610879040987103	0.4876668361695111
KDD008_PC3_96H:TRCN0000040044:-666	0.5491177124729052	0.5083918471961066	0.473411327870921	0.5569177518304002	0.4403515306926681	0.450241503367675	0.5508403414335231	0.5030164589455817	0.5354115252890547	0.4731940150550643	0.6495693875074048	0.48048622890138665	0.4702197539541552	0.5217460050382549	0.5054247308792794	0.49483110025658833
TA.KD009_A549_96H:TRCN0000344571:1	0.6322280925541234	0.5083900910059581	0.47272986080188445	0.5102861087569749	0.6033711037495518	0.5079187100484891	0.7575937023072813	0.15235126995359685	0.5318411060806395	0.4866314215113084	0.0	0.4806930626220726	0.47046980335891786	0.5223646478387933	0.44147182858804174	0.5150302113415591
KDC006_HA1E_96H:TRCN0000059171:-666	0.2318057489036597	0.5083902456412284	0.4724298991478619	0.5541152207906219	0.29928910000560877	0.48501618719902045	0.3585385687375541	0.5029401347929738	0.5326439338007737	0.459596701051615	0.7620939995867932	0.4807684716496598	0.4705559091933648	0.5225709638826849	0.3790333322847059	0.4032285116110194
EKW001_SHSY5Y_120H:TRCN0000299931:2	0.6257104685721667	0.5083956086848765	0.4723233018283732	0.5406892870660318	0.5156902574381355	0.5381879913936376	0.32336349265637504	0.4966482879939357	0.534973024871906	0.5425556254792688	0.7283376761604736	0.4805955447356437	0.47035107383721414	0.5220643198350111	0.4763714903474736	0.5382265293940995
KDA005_VCAP_120H:TRCN0000010163:-666	0.4662200573224413	0.5083903592268927	0.47343616592175686	0.5604265454702859	0.4644998823232862	0.6107568376529013	0.6066607317665692	0.5039018376050979	0.5351504175220326	0.6229754392822809	0.4911694349274162	0.4805501548742503	0.4702952158033944	0.5219332073012823	0.4906123603280971	0.5850640291833271
KDD010_HCC515_96H:TRCN0000121248:-666	0.42157508630028734	0.5083936244804077	0.47331233561054037	0.5577858255189934	0.5091352541084454	0.4439675642905783	0.5066214579615435	0.5034497591063755	0.5354325621045334	0.4804893995139822	0.6118241794276388	0.4805763500250902	0.4703237033235643	0.5219898123402219	0.47342650767416167	0.507048530503268
KDC008_MCF7_96H:TRCN0000004453:-666	0.6001468256403294	0.508388030715085	0.4737250196867271	0.5532876552564214	0.4971171838772833	0.43996395699202184	0.6363072944568215	0.49672000611272354	0.5338973964763037	0.48896726071674984	0.0857060843968831	0.4804194802717081	0.47013731919301377	0.5215481313040499	0.49979772415310275	0.49645233809105666
TAK002_PC3_96H:TRCN0000017854:-666	0.5460611236612444	0.0	0.47340408260184064	0.5567076229163983	0.44051031153590336	0.45260760886080403	0.5425379326040014	0.5029629751251931	0.5353695864998254	0.4731940150550643	0.6584202429750988	0.48048622890138665	0.4702197539541552	0.5217460050382549	0.5054247308792794	0.49483110025658833
KDC006_HA1E_96H:TRCN0000002227:-666	0.48688052240867813	0.5083902456412284	0.47184345962563184	0.40595763373360244	0.5504946681982934	0.6001941406438933	0.4410669733410185	0.2533430762916107	0.5279901056649294	0.459596701051615	0.40900156168614293	0.4807684716496598	0.4705559091933648	0.5225709638826849	0.3790333322847059	0.4032285116110194
KDA004_HT29_96H:TRCN0000003811:-666	0.5324703884559409	0.5083943574707	0.47351621258746096	0.5600249553943777	0.5289946923177942	0.41377608425700596	0.5943579894435753	0.0	0.5352402967801443	0.47206350205802916	0.41979770287496515	0.4805689048266811	0.47030917661866034	0.5219784065523835	0.47610879040987103	0.4876668361695111
KDA002_A375_96H:D02	0.39126187778639654	0.5083890996810002	0.4730947274725692	0.5580103432808513	0.47418718180631636	0.4444756327764307	0.5185246293714304	0.503630400444552	0.534932293423721	0.4889718103773253	0.660577953641919	0.48055160015542536	0.0	0.5219368751588312	0.4963586128064955	0.5192266408239449
KDA003_VCAP_120H:TRCN0000058844:-666	0.4595966168566366	0.5083903592268927	0.47339867201343666	0.5571703500567815	0.5039025882678322	0.45088035457305026	0.47458699212591443	0.5032138159609832	0.5349385857597704	0.5274711782414967	0.6923738516446712	0.4782409107135624	0.4672658513312253	0.5157944992053111	0.2913844231217085	0.5144349099669404
KDC004_HT29_96H:TRCN0000218493:-666	0.2606943798480351	0.5083943574707	0.47323887350217686	0.5561926547275796	0.527652845006007	0.4659825754897022	0.3290292149155687	0.5032388387342859	0.5332056440996608	0.47206350205802916	0.6758126103347704	0.4805689048266811	0.47030917661866034	0.5219784065523835	0.47610879040987103	0.4876668361695111
KDD004_HCC515_96H:TRCN0000001393:-666	0.22420856639911454	0.5083936244804077	0.470652682880133	0.557707264185897	0.5091211834754925	0.4449754899072199	0.613659875608797	0.503433669423717	0.5314613244056986	0.4804893995139822	0.616463087298007	0.4805763500250902	0.4703237033235643	0.5219898123402219	0.47342650767416167	0.507048530503268
KDD009_HA1E_96H:TRCN0000010171:-666	0.2963667303262143	0.5083902456412284	0.4729263222180818	0.5583824583351046	0.16387987288969302	0.6207541396586594	0.5396096354846078	0.5037404472437469	0.5333829186033052	0.6100642497579931	0.5733958350058981	0.4807684716496598	0.4705559091933648	0.5225709638826849	0.3790333322847059	0.5846341473697076
KDA009_HT29_96H:TRCN0000232137:-666	0.5324703884559409	0.5083943574707	0.47351621258746096	0.5600249553943777	0.5289946923177942	0.41377608425700596	0.5943579894435753	0.5039341034350568	0.5352402967801443	0.47206350205802916	0.41979770287496515	0.4805689048266811	0.47030917661866034	0.0	0.47610879040987103	0.4876668361695111
ERGK001_VCAP_120H:TRCN0000007006:-666	0.5177019167208654	0.5083903592268927	0.47166080833366203	0.4696409125897406	0.5836220778248599	0.5728773708859115	0.6612891048708541	0.30050171761431593	0.5312680332057046	0.5274711782414967	0.11431621580845382	0.4805501548742503	0.4702952158033944	0.5219332073012823	0.4906123603280971	0.5144349099669404
TA.KD009_A549_96H:TRCN0000315027:1	0.6057226317483876	0.5083900910059581	0.4728749586868822	0.5203314768225359	0.5884211022169911	0.5462222173065381	0.6179981826697234	0.46978143218179996	0.5324874157971723	0.4866314215113084	0.24344714906559148	0.4806930626220726	0.47046980335891786	0.5223646478387933	0.44147182858804174	0.5150302113415591
TAK001_HEKTE_96H:TRCN0000318674:-666	0.5512034384187906	0.508397632297947	0.47217848204755014	0.5574132285481646	0.4696801910348787	0.45432486161683117	0.5171857302816825	0.0	0.5351919486748413	0.4875854762586004	0.6931048254739887	0.48053747239952016	0.4702766853510697	0.5218826310180741	0.5007148720554984	0.5119098260029548
KDA001_HT29_96H:TRCN0000039633:-666	0.42738744848103905	0.5083943574707	0.47320147778372096	0.5509434020903454	0.5416960355653525	0.4920899048470354	0.3251456747680882	0.4999729854098433	0.5334489638193014	0.47206350205802916	0.6381168507423589	0.48065535492491696	0.4704119418983748	0.5222240459557189	0.43575968165012086	0.4876668361695111
ERGK001_VCAP_120H:TRCN0000196917:-666	0.474907816058991	0.5083903592268927	0.4732820738129094	0.5511738354150426	0.509739726281515	0.5000849855500697	0.2234828825768494	0.5013949736470147	0.5345542810365806	0.5274711782414967	0.8086079223900152	0.4805501548742503	0.4702952158033944	0.5219332073012823	0.4906123603280971	0.5144349099669404
KDB007_HEPG2_96H:TRCN0000004266:-666	0.39855190236738647	0.508395345811628	0.47334244127187225	0.5545506985280074	0.43741334163643	0.4800863516709646	0.40306687581627026	0.5028738155307043	0.5357638821136633	0.48028759737725735	0.7285960078753909	0.4281455974463441	0.47020767902615634	0.5217133161506193	0.5105347400132719	0.49481422737606484
KDA002_HT29_96H:TRCN0000021844:-666	0.5427259325078657	0.5083943574707	0.47338223275226265	0.5523914768503615	0.5356277114792359	0.48968866016375295	0.22500686024347977	0.5013480657284555	0.5336832827947063	0.47206350205802916	0.6960205053455999	0.4805689048266811	0.47030917661866034	0.5219784065523835	0.47610879040987103	0.4876668361695111
TAK001_HEKTE_96H:TRCN0000000943:-666	0.5512034384187906	0.508397632297947	0.47217848204755014	0.5574132285481646	0.4696801910348787	0.45432486161683117	0.47948925412036075	0.5037778370595272	0.5350443805231991	0.4875854762586004	0.6931048254739887	0.48053747239952016	0.4702766853510697	0.5218826310180741	0.5007148720554984	0.5119098260029548
KDB010_HEPG2_96H:TRCN0000009981:-666	0.6535455976594777	0.508395345811628	0.47334244127187225	0.5545506985280074	0.43741334163643	0.4800863516709646	0.40306687581627026	0.5028738155307043	0.5357638821136633	0.48028759737725735	0.7285960078753909	0.4804808543433313	0.47020767902615634	0.5217133161506193	0.5105347400132719	0.49481422737606484
KDA002_VCAP_120H:TRCN0000021846:-666	0.5671785140868661	0.5083903592268927	0.47222146399129894	0.4852316333442216	0.5868022497337392	0.5537562069324814	0.7034259888434835	0.20915044097173052	0.5315300350177946	0.5274711782414967	0.0	0.4805501548742503	0.4702952158033944	0.5219332073012823	0.4906123603280971	0.5144349099669404
KDA001_A549_96H:TRCN0000007310:-666	0.45285863189756453	0.5083900910059581	0.4358735602133242	0.5586051256642159	0.5551399734585185	0.43187888269349045	0.574188722341438	0.5035358472708168	0.5348763226767782	0.4866314215113084	0.49409404832857945	0.4806930626220726	0.47046980335891786	0.5223646478387933	0.44147182858804174	0.5150302113415591
KDB010_VCAP_120H:TRCN0000006292:-666	0.5718569175998527	0.5083903592268927	0.4721997487827159	0.40598911376696617	0.5819379464427039	0.6001341274483591	0.43039455702747453	0.24074842307884692	0.5310550339450006	0.5274711782414967	0.506362986676734	0.4805501548742503	0.4702952158033944	0.5219332073012823	0.4906123603280971	0.5144349099669404
TAK001_HEKTE_96H:TRCN0000010174:-666	0.5589409494811193	0.508397632297947	0.4721445917467678	0.5601088677801367	0.4136941700363639	0.6136711118739748	0.6248524555339324	0.5041404095794987	0.5353380769089074	0.5985012341781939	0.4971627443967388	0.48053747239952016	0.4702766853510697	0.5218826310180741	0.5007148720554984	0.5850658899640474
TA.KD007_HT29_96H:SHTCF7L2_2434:4	0.5324703884559409	0.5083943574707	0.47351621258746096	0.5600249553943777	0.5289946923177942	0.41377608425700596	0.5943579894435753	0.5039341034350568	0.5352402967801443	0.47206350205802916	0.41979770287496515	0.4805689048266811	0.47030917661866034	0.5219784065523835	0.47610879040987103	0.0
KDA008_MCF7_96H:L20	0.5459443800680688	0.508388030715085	0.4737727143671702	0.5590015134311345	0.42028079875554086	0.42520398634969714	0.5505983334242163	0.5035487861928921	0.5363899513818121	0.48896726071674984	0.4747904122669211	0.4802933330193814	0.4699723187053567	0.5212021820834769	0.49161411703948993	0.49645233809105666
KDB010_MCF7_144H:TRCN0000231131:-666	0.63748514918305	0.508388030715085	0.47239681934029293	0.42394304869280863	0.5655624998755113	0.5938987001202792	0.5405017266439064	0.23117704927336918	0.533336752266504	0.48896726071674984	0.2830835276593878	0.4804194802717081	0.47013731919301377	0.5215481313040499	0.49979772415310275	0.49645233809105666
EKW001_SHSY5Y_120H:TRCN0000288787:2	0.6246388791235531	0.5083956086848765	0.4722000548268107	0.5596400357942106	0.42688547449166586	0.6161419018451765	0.6525089733858922	0.5040987216804682	0.5358326913386796	0.6191845430814692	0.3675131692759526	0.4805955447356437	0.47035107383721414	0.5220643198350111	0.4763714903474736	0.5852955057176376
TAK001_HEKTE_96H:TRCN0000356118:-666	0.6376033982989592	0.508397632297947	0.4731507463674856	0.5398123422603734	0.562866784498474	0.4735941416201692	0.7214641261417708	0.4738264691233534	0.5323205154122574	0.4875854762586004	0.0	0.48053747239952016	0.4702766853510697	0.5218826310180741	0.5007148720554984	0.5119098260029548
KDA003_VCAP_120H:TRCN0000033258:-666	0.46229987838596176	0.5083903592268927	0.4733528369610216	0.5553014276786027	0.5038712862446897	0.47113355615068586	0.36466283293368607	0.5028157499988326	0.5348092653184511	0.5274711782414967	0.7556877012516017	0.4805501548742503	0.4702952158033944	0.5219332073012823	0.4906123603280971	0.5144349099669404
KDA008_VCAP_120H:TRCN0000038150:-666	0.5876820625134895	0.5083903592268927	0.4726788620335152	0.5213963131640097	0.5689429707920984	0.5409364376963633	0.6232543051587028	0.4672173255871527	0.5328594355550292	0.5274711782414967	0.2755173269451501	0.4805501548742503	0.4702952158033944	0.5219332073012823	0.4906123603280971	0.5144349099669404
TA.KD009_A549_96H:TRCN0000003846:1	0.45285863189756453	0.5083900910059581	0.47363996957244003	0.5586051256642159	0.5551399734585185	0.43187888269349045	0.574188722341438	0.5035358472708168	0.5348763226767782	0.4112198028277865	0.49409404832857945	0.4806930626220726	0.47046980335891786	0.5223646478387933	0.44147182858804174	0.2398530935802091
KDA002_VCAP_120H:TRCN0000004872:-666	0.571674088916613	0.5083903592268927	0.47223419257453747	0.4569526214224453	0.5845521080730358	0.578142831542188	0.6326233778393084	0.22322491434684266	0.5311986749670383	0.5274711782414967	0.1368490488104969	0.4805501548742503	0.4702952158033944	0.5219332073012823	0.4906123603280971	0.5144349099669404
TAK001_A375_96H:TRCN0000338225:-666	0.39126187778639654	0.5083890996810002	0.4730947274725692	0.5580103432808513	0.47418718180631636	0.4444756327764307	0.5185246293714304	0.503630400444552	0.1946483694165673	0.4889718103773253	0.660577953641919	0.48055160015542536	0.47029742673826963	0.5219368751588312	0.4963586128064955	0.5192266408239449
TA.KD007_HT29_96H:TRCN0000057076:4	0.5324703884559409	0.5083943574707	0.47351621258746096	0.5600249553943777	0.5289946923177942	0.41377608425700596	0.5943579894435753	0.5039341034350568	0.5352402967801443	0.47206350205802916	0.41979770287496515	0.4789251956879836	0.4683908103887669	0.517407541558717	0.6723448813378173	0.4876668361695111
KDD002_PC3_96H:TRCN0000003808:-666	0.5460611236612444	0.5083918471961066	0.47340408260184064	0.5567076229163983	0.44051031153590336	0.45260760886080403	0.5425379326040014	0.0	0.5353695864998254	0.4731940150550643	0.6584202429750988	0.48048622890138665	0.4702197539541552	0.5217460050382549	0.5054247308792794	0.49483110025658833
KDA006_A375_96H:TRCN0000195066:-666	0.44256266245086756	0.5083890996810002	0.4717905690097339	0.406163620902447	0.5755424478480489	0.6006579401219785	0.445827514308309	0.2467749843753784	0.5310105670329018	0.4889718103773253	0.47955326144585403	0.48055160015542536	0.47029742673826963	0.5219368751588312	0.4963586128064955	0.5192266408239449
TA.KD010_A549_96H:TRCN0000295914:1	0.4551029890008058	0.5083900910059581	0.47368133612815067	0.5608308430368304	0.5384247819849562	0.6086095379802656	0.6343287026529646	0.5039889055061	0.5350102475766947	0.5961010226284573	0.3276363642873619	0.4806930626220726	0.47046980335891786	0.5223646478387933	0.44147182858804174	0.5850532507563901
KDA003_A549_96H:TRCN0000000943:-666	0.45285863189756453	0.5083900910059581	0.47363996957244003	0.5586051256642159	0.5551399734585185	0.43187888269349045	0.48310792931901253	0.5035358472708168	0.5344069832700735	0.4866314215113084	0.49409404832857945	0.4806930626220726	0.47046980335891786	0.5223646478387933	0.44147182858804174	0.5150302113415591
KDD002_PC3_96H:TRCN0000000770:-666	0.5581675958031271	0.5083918471961066	0.4731721657607443	0.5481760783124002	0.4677743948266554	0.5088804655416914	0.3653070846155684	0.499535377162521	0.5348177128584161	0.4731940150550643	0.7712634646913694	0.48048622890138665	0.4702197539541552	0.5217460050382549	0.5054247308792794	0.49483110025658833
KDA003_PC3_96H:TRCN0000000373:-666	0.5559921056674161	0.5083918471961066	0.4734275460120298	0.5573858326163476	0.4400404830853281	0.4447539029727015	0.5681361675206272	0.5031343518074823	0.5355048415012298	0.4731940150550643	0.6280479864991388	0.48048622890138665	0.4702197539541552	0.5217460050382549	0.5054247308792794	0.49483110025658833
KDC004_PC3_96H:TRCN0000001999:-666	0.28614690609115784	0.5083918471961066	0.473038235120451	0.547385205098036	0.4691096758244927	0.5127744437064335	0.13574330020957148	0.499268389824047	0.5326028306037657	0.4731940150550643	0.780043794441075	0.48048622890138665	0.4702197539541552	0.5217460050382549	0.5054247308792794	0.49483110025658833
KDC004_PC3_96H:TRCN0000047628:-666	0.5936803088858889	0.5083918471961066	0.4726243559998155	0.5292370170060017	0.5429528946414455	0.5277044462526223	0.6576134815274288	0.47609076227911273	0.5337135883874973	0.4731940150550643	0.23086970015332478	0.48048622890138665	0.4702197539541552	0.5217460050382549	0.5054247308792794	0.49483110025658833
TAK001_A375_96H:TRCN0000006150:-666	0.31029179056106987	0.5083890996810002	0.4711040407312567	0.5162058740374013	0.593289237550691	0.4619406755652516	0.785996353078498	0.0	0.5317661393644902	0.4889718103773253	0.0	0.48055160015542536	0.47029742673826963	0.5219368751588312	0.4963586128064955	0.5192266408239449
KDD010_HCC515_96H:TRCN0000121216:-666	0.42184234089332406	0.5083936244804077	0.47331033567112685	0.557707264185897	0.5091211834754925	0.4449754899072199	0.5027329126196431	0.503433669423717	0.5354266604189776	0.4804893995139822	0.616463087298007	0.4785912537008625	0.46801738650358077	0.5164874399397009	0.6825956543680338	0.507048530503268
ERGK010_VCAP_120H:TRCN0000195721:-666	0.4595966168566366	0.5083903592268927	0.47339867201343666	0.5571703500567815	0.5039025882678322	0.45088035457305026	0.47458699212591443	0.5032138159609832	0.5349385857597704	0.5274711782414967	0.6923738516446712	0.47716633661369895	0.4658547312538103	0.5130808094920103	0.2125926305704804	0.5144349099669404
KDB010_VCAP_120H:TRCN0000010369:-666	0.49714607370097663	0.5083903592268927	0.47323386314714017	0.5520709748819037	0.5059863782446247	0.49685181356032593	0.22833120428160567	0.5019614764437407	0.5345606552162777	0.5274711782414967	0.814537559200505	0.4805501548742503	0.4702952158033944	0.5219332073012823	0.4906123603280971	0.5144349099669404
KDA001_MCF7_96H:TRCN0000000394:-666	0.544225473250277	0.508388030715085	0.4737775393008774	0.5591669999837879	0.4203320273336567	0.4227184697707838	0.5571507148109124	0.5035854426533936	0.5364039264639895	0.48896726071674984	0.4634040389478359	0.4804194802717081	0.47013731919301377	0.5215481313040499	0.49979772415310275	0.49645233809105666
ERGK015_VCAP_120H:TRCN0000000419:-666	0.4581441731389897	0.5083903592268927	0.4734177963941716	0.5581192077066012	0.5039509610526292	0.43893761364812256	0.5202790500713522	0.5034207624494498	0.5350049614569786	0.5274711782414967	0.6489176964051824	0.4805501548742503	0.4702952158033944	0.5219332073012823	0.4906123603280971	0.5144349099669404
KDD006_PC3_96H:TRCN0000194855:-666	0.5550041325957934	0.5083918471961066	0.47342522171785534	0.557318929064448	0.44008123399678717	0.44555724741141406	0.5657589824720011	0.5031176077476327	0.5354915100271913	0.4731940150550643	0.6312887107054143	0.48048622890138665	0.4702197539541552	0.5217460050382549	0.5054247308792794	0.49483110025658833
TAK002_PC3_96H:TRCN0000008024:-666	0.6413371152097594	0.5083918471961066	0.47272946463206383	0.5345595918892161	0.5616884105352912	0.4773332329550807	0.7317441665003791	0.45638470688728855	0.5315751285528758	0.4731940150550643	0.0	0.48048622890138665	0.4702197539541552	0.5217460050382549	0.5054247308792794	0.49483110025658833
KDD008_PC3_96H:TRCN0000338165:-666	0.5460611236612444	0.5083918471961066	0.47340408260184064	0.5567076229163983	0.44051031153590336	0.45260760886080403	0.5425379326040014	0.5029629751251931	0.38833314007328285	0.4731940150550643	0.6584202429750988	0.48048622890138665	0.4702197539541552	0.5217460050382549	0.5054247308792794	0.49483110025658833
KDC004_HT29_96H:TRCN0000047630:-666	0.5304247423877679	0.5083943574707	0.47347501470278014	0.5570547191032944	0.529627189076858	0.45360386778537903	0.4836644825687132	0.503184592985981	0.5350372575977634	0.47206350205802916	0.5996005182342009	0.4805689048266811	0.47030917661866034	0.5219784065523835	0.47610879040987103	0.4876668361695111
TAK001_HEKTE_96H:TRCN0000226466:-666	0.5512034384187906	0.508397632297947	0.2007030650714067	0.5574132285481646	0.4696801910348787	0.45432486161683117	0.5171857302816825	0.5037778370595272	0.5351919486748413	0.4875854762586004	0.6931048254739887	0.48053747239952016	0.4702766853510697	0.5218826310180741	0.5007148720554984	0.5119098260029548
KDD008_MCF7_96H:TRCN0000001012:-666	0.5459443800680688	0.508388030715085	0.4737727143671702	0.5590015134311345	0.42028079875554086	0.42520398634969714	0.2510641899325797	0.5035487861928921	0.5355759528171677	0.48896726071674984	0.4747904122669211	0.4804194802717081	0.47013731919301377	0.5215481313040499	0.49979772415310275	0.49645233809105666
TAK002_HEKTE_96H:TRCN0000121068:-666	0.5410612930789104	0.508397632297947	0.4705171724064777	0.47011443149124404	0.5795760866315206	0.5690990754085802	0.6875203882519579	0.22963328210261408	0.531866568275721	0.4875854762586004	0.0	0.48061894490237356	0.47037338142634866	0.5221140395650311	0.4694890130628538	0.5119098260029548
KDD004_HT29_96H:TRCN0000056897:-666	0.6260769514627242	0.5083943574707	0.4736042882540342	0.5598942257084715	0.5301203730173686	0.4138477688474505	0.5954924461628998	0.503772812334361	0.5353485009395521	0.47206350205802916	0.4049450426185729	0.4805689048266811	0.47030917661866034	0.5219784065523835	0.47610879040987103	0.4876668361695111
KDA003_PC3_96H:TRCN0000006150:-666	0.48992296408755504	0.5083918471961066	0.4715425491172236	0.5089420563980346	0.5871455457284391	0.48282003022246817	0.7821816226924572	0.0	0.532472533687098	0.4731940150550643	0.0	0.48048622890138665	0.4702197539541552	0.5217460050382549	0.5054247308792794	0.49483110025658833
KDB010_MCF7_144H:TRCN0000010366:-666	0.5459443800680688	0.508388030715085	0.4737727143671702	0.5590015134311345	0.42028079875554086	0.42520398634969714	0.5505983334242163	0.5035487861928921	0.4849051987120179	0.48896726071674984	0.4747904122669211	0.4804194802717081	0.47013731919301377	0.5215481313040499	0.49979772415310275	0.49645233809105666
KDB010_A549_96H:TRCN0000033258:-666	0.4548556123099296	0.5083900910059581	0.473605685253097	0.5572182319735836	0.554958969844829	0.45025312391474165	0.522338133205243	0.5032590588074469	0.5347700821069428	0.4866314215113084	0.5876786771597835	0.4806930626220726	0.47046980335891786	0.5223646478387933	0.44147182858804174	0.5150302113415591
KDC004_HEPG2_96H:TRCN0000020843:-666	0.39855190236738647	0.508395345811628	0.47334244127187225	0.5545506985280074	0.43741334163643	0.4800863516709646	0.40306687581627026	0.5028738155307043	0.5357638821136633	0.48028759737725735	0.7285960078753909	0.4804808543433313	0.0	0.5217133161506193	0.5105347400132719	0.49481422737606484
KDA003_HT29_96H:TRCN0000002329:-666	0.6364735791717037	0.5083943574707	0.4725978593484771	0.5206956526744541	0.5923602951812459	0.5017395238964663	0.7469346864651307	0.3830569452506021	0.5326559535213305	0.47206350205802916	0.0	0.4805689048266811	0.47030917661866034	0.5219784065523835	0.47610879040987103	0.4876668361695111
TAK001_HEKTE_96H:TRCN0000280024:-666	0.5512034384187906	0.508397632297947	0.47217848204755014	0.5574132285481646	0.4696801910348787	0.45432486161683117	0.5171857302816825	0.5037778370595272	0.5351919486748413	0.4875854762586004	0.6931048254739887	0.43080999410773085	0.4702766853510697	0.5218826310180741	0.5007148720554984	0.5119098260029548
KDA004_MCF7_96H:TRCN0000003301:-666	0.544253591026115	0.508388030715085	0.4738232495138563	0.5611774590659845	0.0	0.3899684849654584	0.6190824914344605	0.5040157441118585	0.5364999630935429	0.48896726071674984	0.31216760840217384	0.4804194802717081	0.47013731919301377	0.5215481313040499	0.49979772415310275	0.49645233809105666
EKW001_SHSY5Y_120H:TRCN0000262848:2	0.6193293786400388	0.5083956086848765	0.47220597872729486	0.5556924749347213	0.4761749018976687	0.475005225441034	0.5288775816560096	0.5035858378634935	0.5356509048338151	0.5425556254792688	0.6626564598423496	0.4805955447356437	0.47035107383721414	0.5220643198350111	0.4763714903474736	0.0
KDA004_A549_96H:TRCN0000003811:-666	0.45285863189756453	0.5083900910059581	0.47363996957244003	0.5586051256642159	0.5551399734585185	0.43187888269349045	0.574188722341438	0.0	0.5348763226767782	0.4866314215113084	0.49409404832857945	0.4806930626220726	0.47046980335891786	0.5223646478387933	0.44147182858804174	0.5150302113415591
KDD006_VCAP_120H:TRCN0000004266:-666	0.4595966168566366	0.5083903592268927	0.47339867201343666	0.5571703500567815	0.5039025882678322	0.45088035457305026	0.47458699212591443	0.5032138159609832	0.5349385857597704	0.5274711782414967	0.6923738516446712	0.43137973399215646	0.4702952158033944	0.5219332073012823	0.4906123603280971	0.5144349099669404
KDB004_HA1E_96H:TRCN0000000945:-666	0.26842357207950973	0.5083902456412284	0.4729768135808154	0.5537142521762871	0.3088171796477718	0.48649556766717367	0.22164355443369843	0.5026640954840766	0.5328289147964994	0.459596701051615	0.7563658804079064	0.4807684716496598	0.4705559091933648	0.5225709638826849	0.3790333322847059	0.4032285116110194
TAK001_HEKTE_96H:TRCN0000008027:-666	0.6369180741904626	0.508397632297947	0.4731557054591834	0.5400160489366476	0.5624405973595693	0.47350107665167773	0.720570591544234	0.474434901937862	0.5323397785010864	0.4875854762586004	0.0	0.48053747239952016	0.4702766853510697	0.5218826310180741	0.5007148720554984	0.5119098260029548
KDC008_PC3_96H:TRCN0000059110:-666	0.5460611236612444	0.5083918471961066	0.47340408260184064	0.5567076229163983	0.44051031153590336	0.45260760886080403	0.5425379326040014	0.5029629751251931	0.5353695864998254	0.4731940150550643	0.6584202429750988	0.4805960763442831	0.4703635472549823	0.5220486674967643	0.5121828302149359	0.49483110025658833
KDA008_MCF7_96H:M23	0.5459443800680688	0.508388030715085	0.4737727143671702	0.5590015134311345	0.42028079875554086	0.42520398634969714	0.5505983334242163	0.5035487861928921	0.5347917277655541	0.48896726071674984	0.4747904122669211	0.4804194802717081	0.47013731919301377	0.5215481313040499	0.49979772415310275	0.49645233809105666
TAK002_HEKTE_96H:TRCN0000017854:-666	0.5512034384187906	0.0	0.47217848204755014	0.5574132285481646	0.4696801910348787	0.45432486161683117	0.5171857302816825	0.5037778370595272	0.5351919486748413	0.4875854762586004	0.6931048254739887	0.48053747239952016	0.4702766853510697	0.5218826310180741	0.5007148720554984	0.5119098260029548
TAK002_HEKTE_96H:TRCN0000038153:-666	0.5672698375344012	0.508397632297947	0.4712996893742117	0.5026642872000775	0.5674473353951984	0.5606375448868357	0.635007733229057	0.4425813885176639	0.5328070705192899	0.4875854762586004	0.21437234180877526	0.48053747239952016	0.4702766853510697	0.5218826310180741	0.5007148720554984	0.5119098260029548
KDA002_A375_96H:H17	0.4394318850839761	0.5083890996810002	0.47182731874860034	0.4646534111717904	0.579187803754185	0.57358444233344	0.6574349485219486	0.22593043258949286	0.531262184703179	0.4889718103773253	0.031671811388169935	0.48055160015542536	0.47029742673826963	0.5219368751588312	0.4963586128064955	0.5192266408239449
KDB010_PC3_144H:TRCN0000009981:-666	0.6498395212345355	0.5083918471961066	0.47340408260184064	0.5567076229163983	0.44051031153590336	0.45260760886080403	0.5425379326040014	0.5029629751251931	0.5353695864998254	0.4731940150550643	0.6584202429750988	0.48048622890138665	0.4702197539541552	0.5217460050382549	0.5054247308792794	0.49483110025658833
KDA008_VCAP_120H:TRCN0000055428:-666	0.6559542592278316	0.5083903592268927	0.47339867201343666	0.5571703500567815	0.5039025882678322	0.45088035457305026	0.47458699212591443	0.5032138159609832	0.5349385857597704	0.5274711782414967	0.6923738516446712	0.4805501548742503	0.4702952158033944	0.5219332073012823	0.4906123603280971	0.5144349099669404
KDB010_HT29_96H:TRCN0000338165:-666	0.5324703884559409	0.5083943574707	0.47351621258746096	0.5600249553943777	0.5289946923177942	0.41377608425700596	0.5943579894435753	0.5039341034350568	0.353983734261395	0.47206350205802916	0.41979770287496515	0.4805689048266811	0.47030917661866034	0.5219784065523835	0.47610879040987103	0.4876668361695111
KDA002_A549_96H:TRCN0000021846:-666	0.472085637883764	0.5083900910059581	0.4735242961251416	0.5521226145481628	0.5592261162479106	0.4900339552029732	0.27707275075604987	0.5012674745307113	0.5339611193816125	0.4866314215113084	0.6964510668864061	0.4806930626220726	0.47046980335891786	0.5223646478387933	0.44147182858804174	0.5150302113415591
KDB010_A375_96H:TRCN0000033257:-666	0.390152111608851	0.5083890996810002	0.47305393126540246	0.5562822685889854	0.4725486228417177	0.46576689998114845	0.4130239674452628	0.5033576281485803	0.5348140534971451	0.4889718103773253	0.7390194962360964	0.48055160015542536	0.47029742673826963	0.5219368751588312	0.4963586128064955	0.5192266408239449
KDC004_VCAP_120H:TRCN0000047630:-666	0.4830169351065684	0.5083903592268927	0.473290180247654	0.5489884080529356	0.5195748817328539	0.5054793574064378	0.2626125591187308	0.4997288657541249	0.5344110907049826	0.5274711782414967	0.7797206300909375	0.4805501548742503	0.4702952158033944	0.5219332073012823	0.4906123603280971	0.5144349099669404
KDC008_MCF7_96H:TRCN0000059110:-666	0.5459443800680688	0.508388030715085	0.4737727143671702	0.5590015134311345	0.42028079875554086	0.42520398634969714	0.5505983334242163	0.5035487861928921	0.5363899513818121	0.48896726071674984	0.4747904122669211	0.48053064197260315	0.4702827127163799	0.5218541024252839	0.5068122327147617	0.49645233809105666
KDC007_A375_96H:TRCN0000059228:-666	0.3912288935219959	0.5083890996810002	0.47309437994520437	0.5579789938689543	0.4741634744870768	0.44489392715417925	0.5169738504744714	0.5036249098178909	0.5349302205955955	0.4889718103773253	0.662265946838028	0.48055160015542536	0.47029742673826963	0.5219368751588312	0.4963586128064955	0.5192266408239449
KDA007_MCF7_96H:H14	0.5459443800680688	0.508388030715085	0.4737727143671702	0.5590015134311345	0.42028079875554086	0.42520398634969714	0.5505983334242163	0.5035487861928921	0.5363899513818121	0.48896726071674984	0.4747904122669211	0.4804194802717081	0.47013731919301377	0.5215481313040499	0.0	0.49645233809105666
KDB007_A549_96H:TRCN0000004266:-666	0.45285863189756453	0.5083900910059581	0.47363996957244003	0.5586051256642159	0.5551399734585185	0.43187888269349045	0.574188722341438	0.5035358472708168	0.5348763226767782	0.4866314215113084	0.49409404832857945	0.4372014676669572	0.47046980335891786	0.5223646478387933	0.44147182858804174	0.5150302113415591
KDC004_HEPG2_96H:TRCN0000047630:-666	0.5121261999903833	0.508395345811628	0.4719884825458797	0.46379391571187567	0.572316071916063	0.5737602156081605	0.6799481614174872	0.23105028167981517	0.5329969853131212	0.48028759737725735	0.0	0.4804808543433313	0.47020767902615634	0.5217133161506193	0.5105347400132719	0.49481422737606484
KDA005_HT29_96H:TRCN0000004267:-666	0.5324703884559409	0.5083943574707	0.47351621258746096	0.5600249553943777	0.5289946923177942	0.41377608425700596	0.5943579894435753	0.5039341034350568	0.5352402967801443	0.47206350205802916	0.41979770287496515	0.4322049171955999	0.47030917661866034	0.5219784065523835	0.47610879040987103	0.4876668361695111
KDB010_A549_96H:TRCN0000312579:-666	0.45285863189756453	0.5083900910059581	0.47363996957244003	0.5586051256642159	0.5551399734585185	0.43187888269349045	0.574188722341438	0.5035358472708168	0.5348763226767782	0.4866314215113084	0.0	0.4806930626220726	0.47046980335891786	0.5223646478387933	0.44147182858804174	0.5150302113415591
ERGK013_VCAP_120H:TRCN0000001014:-666	0.4595966168566366	0.5083903592268927	0.47339867201343666	0.5571703500567815	0.5039025882678322	0.45088035457305026	0.4264631302098469	0.5032138159609832	0.5347839542221869	0.5274711782414967	0.6923738516446712	0.4805501548742503	0.4702952158033944	0.5219332073012823	0.4906123603280971	0.5144349099669404
KDB010_MCF7_144H:TRCN0000197055:-666	0.6603889442495114	0.508388030715085	0.4737727143671702	0.5590015134311345	0.42028079875554086	0.42520398634969714	0.5505983334242163	0.5035487861928921	0.5363899513818121	0.48896726071674984	0.4747904122669211	0.4804194802717081	0.47013731919301377	0.5215481313040499	0.49979772415310275	0.49645233809105666
TAK002_HEKTE_96H:TRCN0000002226:-666	0.5753916675773884	0.508397632297947	0.47159642414715286	0.4071023230894724	0.5754289684219442	0.6002692089638724	0.4335863674346567	0.25519063457637287	0.5318758555667981	0.4875854762586004	0.4439926026983956	0.48053747239952016	0.4702766853510697	0.5218826310180741	0.5007148720554984	0.5119098260029548
TAK001_SW480_96H:G06	0.6301123790401642	0.5083921906725953	0.47360614897884684	0.0	0.4261972640865968	0.40036974885945603	0.6412922768153867	0.5039085512057623	0.5357457879985003	0.45827234941937267	0.3877176190246859	0.48068648179292356	0.47046081551403357	0.5223322143384687	0.44119523164037394	0.47039867194652524
KDC006_A375_96H:TRCN0000059171:-666	0.5015225733250049	0.5083890996810002	0.4720628833686673	0.558259048830742	0.47059722439404494	0.4440454388129325	0.5888477435567667	0.5038904741231981	0.5350765046466474	0.4889718103773253	0.676380910697307	0.48055160015542536	0.47029742673826963	0.5219368751588312	0.4963586128064955	0.5192266408239449
TAK001_HEKTE_96H:TRCN0000352648:-666	0.5512034384187906	0.508397632297947	0.47217848204755014	0.5574132285481646	0.4696801910348787	0.45432486161683117	0.5171857302816825	0.5037778370595272	0.5329601729137083	0.4875854762586004	0.6931048254739887	0.48053747239952016	0.4702766853510697	0.5218826310180741	0.5007148720554984	0.5119098260029548
KDC006_A375_96H:TRCN0000002227:-666	0.44220944185669436	0.5083890996810002	0.47178865894805455	0.40581606963099004	0.5755846084335234	0.6006810421527758	0.446651722997718	0.24459492463866295	0.531007212856401	0.4889718103773253	0.4785435753563287	0.48055160015542536	0.47029742673826963	0.5219368751588312	0.4963586128064955	0.5192266408239449
KDB007_A375_96H:TRCN0000007310:-666	0.39126187778639654	0.5083890996810002	0.4114849484090899	0.5580103432808513	0.47418718180631636	0.4444756327764307	0.5185246293714304	0.503630400444552	0.534932293423721	0.4889718103773253	0.660577953641919	0.48055160015542536	0.47029742673826963	0.5219368751588312	0.4963586128064955	0.5192266408239449
KDC001_HA1E_96H:TRCN0000033254:-666	0.28254315097368343	0.5083902456412284	0.4728848474022724	0.5521087862801515	0.30717017298741606	0.4994573067304053	0.1952376074309257	0.5023874873010536	0.5328794948496851	0.459596701051615	0.7956207051400419	0.4807684716496598	0.4705559091933648	0.5225709638826849	0.3790333322847059	0.4032285116110194
KDD002_VCAP_120H:TRCN0000020159:-666	0.4595966168566366	0.5083903592268927	0.47339867201343666	0.5571703500567815	0.5039025882678322	0.45088035457305026	0.47458699212591443	0.5032138159609832	0.5349385857597704	0.0	0.6923738516446712	0.4805501548742503	0.4702952158033944	0.5219332073012823	0.4906123603280971	0.5144349099669404
KDC009_MCF7_96H:TRCN0000018336:-666	0.337530160373206	0.508388030715085	0.47165902880671867	0.4059364695431415	0.5643627689999151	0.5999187361986973	0.26702022326049646	0.23823686938996436	0.5265436930756134	0.48896726071674984	0.3918511373262	0.4804194802717081	0.47013731919301377	0.5215481313040499	0.49979772415310275	0.49645233809105666
TAK001_A375_96H:TRCN0000318674:-666	0.39126187778639654	0.5083890996810002	0.4730947274725692	0.5580103432808513	0.47418718180631636	0.4444756327764307	0.5185246293714304	0.0	0.534932293423721	0.4889718103773253	0.660577953641919	0.48055160015542536	0.47029742673826963	0.5219368751588312	0.4963586128064955	0.5192266408239449
TAK001_HEKTE_96H:TRCN0000329887:-666	0.5512034384187906	0.508397632297947	0.47217848204755014	0.5574132285481646	0.4696801910348787	0.45432486161683117	0.5171857302816825	0.5037778370595272	0.5351919486748413	0.4875854762586004	0.6931048254739887	0.48053747239952016	0.0	0.5218826310180741	0.5007148720554984	0.5119098260029548
KDD006_VCAP_120H:TRCN0000226466:-666	0.4595966168566366	0.5083903592268927	0.42718738549426	0.5571703500567815	0.5039025882678322	0.45088035457305026	0.47458699212591443	0.5032138159609832	0.5349385857597704	0.5274711782414967	0.6923738516446712	0.4805501548742503	0.4702952158033944	0.5219332073012823	0.4906123603280971	0.5144349099669404
KDD004_HT29_96H:TRCN0000001390:-666	0.39504158907542825	0.5083943574707	0.47221483072941434	0.5600249553943777	0.5289946923177942	0.41377608425700596	0.629717488681664	0.5039341034350568	0.5322163038107478	0.47206350205802916	0.41979770287496515	0.4805689048266811	0.47030917661866034	0.5219784065523835	0.47610879040987103	0.4876668361695111
KDD008_HCC515_96H:TRCN0000039888:-666	0.42184234089332406	0.5083936244804077	0.47331033567112685	0.557707264185897	0.5091211834754925	0.4449754899072199	0.5027329126196431	0.503433669423717	0.5354266604189776	0.48278458897264837	0.616463087298007	0.4805763500250902	0.4703237033235643	0.5219898123402219	0.47342650767416167	0.5100799688282263
KDC004_A375_96H:TRCN0000047628:-666	0.5101551999922247	0.5083890996810002	0.4723024331946099	0.514525897873878	0.5673627005209705	0.543705068509705	0.6584549104433087	0.4499688819023454	0.5325321669055458	0.4889718103773253	0.09182900145332401	0.48055160015542536	0.47029742673826963	0.5219368751588312	0.4963586128064955	0.5192266408239449
KDD008_HT29_96H:TRCN0000001012:-666	0.5324703884559409	0.5083943574707	0.47351621258746096	0.5600249553943777	0.5289946923177942	0.41377608425700596	0.5002778833535031	0.5039341034350568	0.5347270131502341	0.47206350205802916	0.41979770287496515	0.4805689048266811	0.47030917661866034	0.5219784065523835	0.47610879040987103	0.4876668361695111
KDA003_A549_96H:TRCN0000037899:-666	0.45285863189756453	0.5083900910059581	0.47088664735491065	0.5586051256642159	0.5551399734585185	0.43187888269349045	0.574188722341438	0.5035358472708168	0.5348763226767782	0.4866314215113084	0.49409404832857945	0.4806930626220726	0.47046980335891786	0.5223646478387933	0.44147182858804174	0.5150302113415591
KDA001_MCF7_96H:TRCN0000008027:-666	0.5999552595976767	0.508388030715085	0.4737257035154457	0.553308901401605	0.49693711992016837	0.43992542768673654	0.6360966770892252	0.49675027957939893	0.5339033176609891	0.48896726071674984	0.08708810099589927	0.4804194802717081	0.47013731919301377	0.5215481313040499	0.49979772415310275	0.49645233809105666
KDB010_PC3_144H:TRCN0000033258:-666	0.549598355779951	0.5083918471961066	0.4733364500182197	0.5542533730598656	0.4425467813074856	0.47675101717938456	0.45076098516832164	0.5023419918257063	0.5352092120127996	0.4731940150550643	0.7378160472788643	0.48048622890138665	0.4702197539541552	0.5217460050382549	0.5054247308792794	0.49483110025658833
TAK002_PC3_96H:TRCN0000038153:-666	0.48996737905440124	0.5083918471961066	0.4721774057915633	0.5145229582055523	0.5588177691885816	0.5401084623296621	0.6847850879941563	0.4468358911712811	0.5326493441078203	0.4731940150550643	0.02939084001125917	0.48048622890138665	0.4702197539541552	0.5217460050382549	0.5054247308792794	0.49483110025658833
KDC006_MCF7_96H:TRCN0000002224:-666	0.6366929974147948	0.508388030715085	0.4723725591398805	0.40889990557842626	0.5645407650760357	0.5990307457948519	0.47918102969007903	0.2373477882139437	0.5332675331120424	0.48896726071674984	0.37558173164154895	0.4804194802717081	0.47013731919301377	0.5215481313040499	0.49979772415310275	0.49645233809105666
ERGK013_VCAP_120H:TRCN0000009975:-666	0.34147492130834506	0.5083903592268927	0.4715160962443228	0.5581062025673316	0.4946992375436247	0.4488022179137048	0.6011742798634837	0.5041358479439741	0.534387848624167	0.5274711782414967	0.7357421578159842	0.4805501548742503	0.4702952158033944	0.5219332073012823	0.4906123603280971	0.5144349099669404
KDB010_PC3_144H:TRCN0000006292:-666	0.49303600225511585	0.5083918471961066	0.47156448078228996	0.40308011642002817	0.567493430467836	0.6001145004660178	0.5429013749844009	0.23752034417284443	0.531668963834377	0.4731940150550643	0.46654945047603247	0.48048622890138665	0.4702197539541552	0.5217460050382549	0.5054247308792794	0.49483110025658833
DER001_A549_96H:TRCN0000195303:-666	0.5392200783850407	0.5083900910059581	0.4733479411504008	0.5468361222375238	0.5690147143733753	0.5044238422532281	0.4881013010886559	0.4970667390817055	0.5339271833899792	0.4866314215113084	0.5777640045841865	0.4807462333608658	0.47053300769046197	0.5225157670407578	0.4110453415486288	0.5150302113415591
KDD006_HT29_96H:TRCN0000194855:-666	0.5378118531596265	0.5083943574707	0.473522101400191	0.5601190345749768	0.5290411645011898	0.41220730638814224	0.5996465070042876	0.5039509869899718	0.5352963326593587	0.47206350205802916	0.41222483685173517	0.4805689048266811	0.47030917661866034	0.5219784065523835	0.47610879040987103	0.4876668361695111
KDA002_A549_96H:TRCN0000007006:-666	0.6188784185808821	0.5083900910059581	0.4723649315528233	0.48365138558328186	0.5958961954645323	0.5715642159399686	0.6437670835692633	0.4034085481496508	0.5312885231760506	0.4866314215113084	0.13490153575486302	0.4806930626220726	0.47046980335891786	0.5223646478387933	0.44147182858804174	0.5150302113415591
KDA010_PC3_96H:TRCN0000003845:-666	0.5460611236612444	0.5083918471961066	0.47340408260184064	0.5567076229163983	0.44051031153590336	0.45260760886080403	0.5425379326040014	0.5029629751251931	0.5353695864998254	0.41238831939043386	0.6584202429750988	0.48048622890138665	0.4702197539541552	0.5217460050382549	0.5054247308792794	0.2400619667387964
EKW001_PC3_120H:TRCN0000299931:2	0.5936803088858889	0.5083918471961066	0.4726243559998155	0.5292370170060017	0.5429528946414455	0.5277044462526223	0.6576134815274288	0.47609076227911273	0.5337135883874973	0.4731940150550643	0.23086970015332478	0.48048622890138665	0.4702197539541552	0.5217460050382549	0.5054247308792794	0.49483110025658833
KDD008_MCF7_96H:TRCN0000039890:-666	0.5459443800680688	0.508388030715085	0.4737727143671702	0.5590015134311345	0.42028079875554086	0.42520398634969714	0.5505983334242163	0.5035487861928921	0.5363899513818121	0.4912639547036132	0.4747904122669211	0.4804194802717081	0.47013731919301377	0.5215481313040499	0.49979772415310275	0.4999685330649534
KDA002_PC3_144H:TRCN0000007006:-666	0.47283605662492245	0.5083918471961066	0.4714722516493174	0.460690163418734	0.5707077271240751	0.575952339491608	0.6764698157655937	0.2489253546090463	0.5319823629219355	0.4731940150550643	0.08382971299679225	0.48048622890138665	0.4702197539541552	0.5217460050382549	0.5054247308792794	0.49483110025658833
KDD002_VCAP_120H:TRCN0000003808:-666	0.4595966168566366	0.5083903592268927	0.47339867201343666	0.5571703500567815	0.5039025882678322	0.45088035457305026	0.47458699212591443	0.0	0.5349385857597704	0.5274711782414967	0.6923738516446712	0.4805501548742503	0.4702952158033944	0.5219332073012823	0.4906123603280971	0.5144349099669404
KDD009_HA1E_96H:TRCN0000009981:-666	0.6554331707594709	0.5083902456412284	0.4729768135808154	0.5537142521762871	0.3088171796477718	0.48649556766717367	0.27449517016180236	0.5026640954840766	0.5330417585520902	0.459596701051615	0.7563658804079064	0.4807684716496598	0.4705559091933648	0.5225709638826849	0.3790333322847059	0.4032285116110194
KDC003_A375_96H:TRCN0000017855:-666	0.39126187778639654	0.0	0.4730947274725692	0.5580103432808513	0.47418718180631636	0.4444756327764307	0.5185246293714304	0.503630400444552	0.534932293423721	0.4889718103773253	0.660577953641919	0.48055160015542536	0.47029742673826963	0.5219368751588312	0.4963586128064955	0.5192266408239449
KDC003_HT29_96H:TRCN0000017855:-666	0.5324703884559409	0.0	0.47351621258746096	0.5600249553943777	0.5289946923177942	0.41377608425700596	0.5943579894435753	0.5039341034350568	0.5352402967801443	0.47206350205802916	0.41979770287496515	0.4805689048266811	0.47030917661866034	0.5219784065523835	0.47610879040987103	0.4876668361695111
KDD006_HT29_96H:TRCN0000007308:-666	0.5324703884559409	0.5083943574707	0.43173130163717066	0.5600249553943777	0.5289946923177942	0.41377608425700596	0.5943579894435753	0.5039341034350568	0.5352402967801443	0.47206350205802916	0.41979770287496515	0.4805689048266811	0.47030917661866034	0.5219784065523835	0.47610879040987103	0.4876668361695111
KDC003_HT29_96H:TRCN0000055480:-666	0.5285761686984879	0.5083943574707	0.4734905906089489	0.5589198289496632	0.529472098974857	0.42972570706194513	0.5633219094336911	0.5036217185474047	0.5351465649705073	0.47206350205802916	0.4849144566470376	0.4805924303604702	0.4703371231429141	0.5220451991120454	0.46617932609838914	0.4876668361695111
KDA004_VCAP_120H:C19	0.48639394517767415	0.5083903592268927	0.4733746200051784	0.562046322045507	0.5055718774373955	0.37544690739455605	0.6540059058148503	0.5042252365476406	0.5352358177472895	0.5274711782414967	0.3565308092671178	0.4805501548742503	0.4702952158033944	0.5219332073012823	0.4906123603280971	0.5144349099669404
KDD008_VCAP_120H:TRCN0000039590:-666	0.4595966168566366	0.5083903592268927	0.47339867201343666	0.5571703500567815	0.5039025882678322	0.45088035457305026	0.47458699212591443	0.5032138159609832	0.19849350096288337	0.5274711782414967	0.6923738516446712	0.4805501548742503	0.4702952158033944	0.5219332073012823	0.4906123603280971	0.5144349099669404
TAK001_A375_96H:TRCN0000004265:-666	0.39126187778639654	0.5083890996810002	0.4730947274725692	0.5580103432808513	0.47418718180631636	0.4444756327764307	0.5185246293714304	0.503630400444552	0.534932293423721	0.4889718103773253	0.660577953641919	0.4314440607946264	0.47029742673826963	0.5219368751588312	0.4963586128064955	0.5192266408239449
KDA003_HT29_96H:G10	0.43062853881506263	0.5083943574707	0.4730182575674077	0.5281231949721785	0.43342935024930407	0.6188434548390892	0.0	0.5058781485355556	0.533912781565876	0.47206350205802916	1.0	0.4805689048266811	0.47030917661866034	0.5219784065523835	0.47610879040987103	0.4876668361695111
KDA009_A549_96H:TRCN0000019357:-666	0.45285863189756453	0.5083900910059581	0.47363996957244003	0.5586051256642159	0.5551399734585185	0.43187888269349045	0.574188722341438	0.5035358472708168	0.5348763226767782	0.4866314215113084	0.49409404832857945	0.4806930626220726	0.47046980335891786	0.0	0.44147182858804174	0.5150302113415591
KDA002_A549_96H:TRCN0000020843:-666	0.45285863189756453	0.5083900910059581	0.47363996957244003	0.5586051256642159	0.5551399734585185	0.43187888269349045	0.574188722341438	0.5035358472708168	0.5348763226767782	0.4866314215113084	0.49409404832857945	0.4806930626220726	0.0	0.5223646478387933	0.44147182858804174	0.5150302113415591
KDC009_VCAP_120H:K15	0.6144532515777021	0.5083903592268927	0.4720978745457389	0.4050426137053198	0.5819199361001713	0.6003794581357709	0.4394113956566983	0.24012880484931304	0.5308833352044441	0.5274711782414967	0.5103215945565641	0.4805501548742503	0.4702952158033944	0.5219332073012823	0.4906123603280971	0.5144349099669404
KDA003_HT29_96H:TRCN0000058846:-666	0.5324703884559409	0.5083943574707	0.47351621258746096	0.5600249553943777	0.5289946923177942	0.41377608425700596	0.5943579894435753	0.5039341034350568	0.5352402967801443	0.47206350205802916	0.41979770287496515	0.47827853274968113	0.46729822194178766	0.5158814743465665	0.26663618503554304	0.4876668361695111
KDD009_HT29_96H:TRCN0000010391:-666	0.5324703884559409	0.5083943574707	0.47351621258746096	0.5600249553943777	0.5289946923177942	0.41377608425700596	0.5943579894435753	0.5039341034350568	0.5352402967801443	0.47206350205802916	0.0	0.4805689048266811	0.47030917661866034	0.5219784065523835	0.47610879040987103	0.4876668361695111
KDA001_HT29_96H:TRCN0000008027:-666	0.6581206307262292	0.5083943574707	0.47368388824423197	0.5583450841591409	0.5417475899783502	0.4146057485968925	0.5786013520915992	0.5017476252087649	0.533556907722822	0.47206350205802916	0.2351500640862485	0.4805689048266811	0.47030917661866034	0.5219784065523835	0.47610879040987103	0.4876668361695111
DER001_VCAP_96H:TRCN0000195303:-666	0.6006605863375353	0.5083903592268927	0.4725340309053172	0.5197901849601817	0.5752928178584341	0.5317068712188795	0.6819693751076191	0.45196206865813277	0.5326273194725061	0.5274711782414967	0.013335211108594376	0.48061355747559364	0.47037042523294503	0.522113118184497	0.46503949568842673	0.5144349099669404
KDB010_MCF7_144H:TRCN0000033257:-666	0.5471406597430972	0.508388030715085	0.4737419285412117	0.5578060987409715	0.4197330108807165	0.44189298169705826	0.4993482069123048	0.503295800619091	0.5363202988519185	0.48896726071674984	0.5556689519022902	0.4804194802717081	0.47013731919301377	0.5215481313040499	0.49979772415310275	0.49645233809105666
KDA008_HA1E_96H:TRCN0000196850:-666	0.26842357207950973	0.5083902456412284	0.4729768135808154	0.5537142521762871	0.3088171796477718	0.48649556766717367	0.27449517016180236	0.5026640954840766	0.5316697855396235	0.459596701051615	0.7563658804079064	0.4807684716496598	0.4705559091933648	0.5225709638826849	0.3790333322847059	0.4032285116110194
KDD009_HT29_96H:TRCN0000010171:-666	0.5348849052732512	0.5083943574707	0.47353084310780674	0.560857392195226	0.5019662156073496	0.6094907538886596	0.618212919763153	0.5040832752169749	0.5352648178119568	0.5986094842227506	0.35118400970500535	0.4805689048266811	0.47030917661866034	0.5219784065523835	0.47610879040987103	0.5849128224620121
KDA003_HT29_96H:M11	0.5324703884559409	0.5083943574707	0.4703120660371391	0.5600249553943777	0.5289946923177942	0.41377608425700596	0.5943579894435753	0.5039341034350568	0.5352402967801443	0.47206350205802916	0.41979770287496515	0.4805689048266811	0.47030917661866034	0.5219784065523835	0.47610879040987103	0.4876668361695111
KDB006_A375_96H:TRCN0000010174:-666	0.4034286585754658	0.5083890996810002	0.47308340975765006	0.5598897362571127	0.41720587759974237	0.614422169735099	0.5973962309486003	0.5039565905689113	0.5350401664662491	0.5954958217402332	0.5290620740095234	0.48055160015542536	0.47029742673826963	0.5219368751588312	0.4963586128064955	0.585150925154033
KDD008_HCC515_96H:TRCN0000000945:-666	0.42184234089332406	0.5083936244804077	0.47331033567112685	0.557707264185897	0.5091211834754925	0.4449754899072199	0.351014081575021	0.503433669423717	0.5349710275707612	0.4804893995139822	0.616463087298007	0.4805763500250902	0.4703237033235643	0.5219898123402219	0.47342650767416167	0.507048530503268
KDB010_HEPG2_96H:TRCN0000039638:-666	0.39855190236738647	0.508395345811628	0.47334244127187225	0.5545506985280074	0.43741334163643	0.4800863516709646	0.40306687581627026	0.5028738155307043	0.5357638821136633	0.48028759737725735	0.0	0.4804808543433313	0.47020767902615634	0.5217133161506193	0.5105347400132719	0.49481422737606484
KDD002_HCC515_96H:TRCN0000003808:-666	0.42184234089332406	0.5083936244804077	0.47331033567112685	0.557707264185897	0.5091211834754925	0.4449754899072199	0.5027329126196431	0.0	0.5354266604189776	0.4804893995139822	0.616463087298007	0.4805763500250902	0.4703237033235643	0.5219898123402219	0.47342650767416167	0.507048530503268
KDB004_A375_96H:TRCN0000010279:-666	0.39126187778639654	0.5083890996810002	0.4730947274725692	0.5580103432808513	0.47418718180631636	0.4444756327764307	0.4811348759876804	0.503630400444552	0.5347774843344218	0.4889718103773253	0.660577953641919	0.48055160015542536	0.47029742673826963	0.5219368751588312	0.4963586128064955	0.5192266408239449
KDA008_PC3_96H:M23	0.5460611236612444	0.5083918471961066	0.47340408260184064	0.5567076229163983	0.44051031153590336	0.45260760886080403	0.5425379326040014	0.5029629751251931	0.5336836564318498	0.4731940150550643	0.6584202429750988	0.48048622890138665	0.4702197539541552	0.5217460050382549	0.5054247308792794	0.49483110025658833
KDC003_MCF7_96H:TRCN0000007214:-666	0.5460801324045216	0.508388030715085	0.4734287272703343	0.5593690817881455	0.41216026360525937	0.4238497517236116	0.5226737584526371	0.5039119451142241	0.5357053129219969	0.48896726071674984	0.5007262167329837	0.4804194802717081	0.47013731919301377	0.5215481313040499	0.49979772415310275	0.49645233809105666
KDD009_PC3_96H:TRCN0000010391:-666	0.5460611236612444	0.5083918471961066	0.47340408260184064	0.5567076229163983	0.44051031153590336	0.45260760886080403	0.5425379326040014	0.5029629751251931	0.5353695864998254	0.4731940150550643	0.0	0.48048622890138665	0.4702197539541552	0.5217460050382549	0.5054247308792794	0.49483110025658833
