	sig_id	HT29	MCF7	SW480	A549	HA1E	HEKTE	PC3	SHSY5Y	HEPG2	JURKAT	A375	HCC515	VCAP
1	DER001_A375_96H:TRCN0000195187:-666	0	0	0	0	0	0	0	0	0	0	1	0	0
2	DER001_A375_96H:TRCN0000195611:-666	0	0	0	0	0	0	0	0	0	0	1	0	0
3	DER001_A375_96H:TRCN0000262375:-666	0	0	0	0	0	0	0	0	0	0	1	0	0
4	DER001_VCAP_96H:TRCN0000121318:-666	0	0	0	0	0	0	0	0	0	0	0	0	1
5	DER001_VCAP_96H:TRCN0000280031:-666	0	0	0	0	0	0	0	0	0	0	0	0	1
6	DER001_VCAP_96H:TRCN0000295968:-666	0	0	0	0	0	0	0	0	0	0	0	0	1
7	EKW001_PC3_120H:TRCN0000194861:2	0	0	0	0	0	0	1	0	0	0	0	0	0
8	EKW001_PC3_120H:TRCN0000195198:2	0	0	0	0	0	0	1	0	0	0	0	0	0
9	EKW001_PC3_120H:TRCN0000196328:2	0	0	0	0	0	0	1	0	0	0	0	0	0
10	EKW001_PC3_120H:TRCN0000293556:2	0	0	0	0	0	0	1	0	0	0	0	0	0
11	EKW001_PC3_120H:TRCN0000295915:2	0	0	0	0	0	0	1	0	0	0	0	0	0
12	EKW001_PC3_120H:TRCN0000303774:2	0	0	0	0	0	0	1	0	0	0	0	0	0
13	EKW001_PC3_120H:TRCN0000315309:2	0	0	0	0	0	0	1	0	0	0	0	0	0
14	EKW001_PC3_120H:TRCN0000370320:2	0	0	0	0	0	0	1	0	0	0	0	0	0
15	EKW001_SHSY5Y_120H:TRCN0000004377:2	0	0	0	0	0	0	0	1	0	0	0	0	0
16	EKW001_SHSY5Y_120H:TRCN0000004840:2	0	0	0	0	0	0	0	1	0	0	0	0	0
17	EKW001_SHSY5Y_120H:TRCN0000040076:2	0	0	0	0	0	0	0	1	0	0	0	0	0
18	EKW001_SHSY5Y_120H:TRCN0000195198:2	0	0	0	0	0	0	0	1	0	0	0	0	0
19	EKW001_SHSY5Y_120H:TRCN0000280635:2	0	0	0	0	0	0	0	1	0	0	0	0	0
20	EKW001_SHSY5Y_120H:TRCN0000293556:2	0	0	0	0	0	0	0	1	0	0	0	0	0
21	EKW001_SHSY5Y_120H:TRCN0000295915:2	0	0	0	0	0	0	0	1	0	0	0	0	0
22	EKW001_SHSY5Y_120H:TRCN0000300447:2	0	0	0	0	0	0	0	1	0	0	0	0	0
23	EKW001_SHSY5Y_120H:TRCN0000327919:2	0	0	0	0	0	0	0	1	0	0	0	0	0
24	EKW001_SHSY5Y_120H:TRCN0000342335:2	0	0	0	0	0	0	0	1	0	0	0	0	0
25	ERGK001_VCAP_120H:TRCN0000000637:-666	0	0	0	0	0	0	0	0	0	0	0	0	1
26	ERGK001_VCAP_120H:TRCN0000007006:-666	0	0	0	0	0	0	0	0	0	0	0	0	1
27	ERGK001_VCAP_120H:TRCN0000010557:-666	0	0	0	0	0	0	0	0	0	0	0	0	1
28	ERGK001_VCAP_120H:TRCN0000018915:-666	0	0	0	0	0	0	0	0	0	0	0	0	1
29	ERGK004_VCAP_120H:TRCN0000010610:-666	0	0	0	0	0	0	0	0	0	0	0	0	1
30	ERGK004_VCAP_120H:TRCN0000194685:-666	0	0	0	0	0	0	0	0	0	0	0	0	1
31	ERGK004_VCAP_120H:TRCN0000195414:-666	0	0	0	0	0	0	0	0	0	0	0	0	1
32	ERGK004_VCAP_120H:TRCN0000197010:-666	0	0	0	0	0	0	0	0	0	0	0	0	1
33	ERGK005_VCAP_120H:TRCN0000001371:-666	0	0	0	0	0	0	0	0	0	0	0	0	1
34	ERGK005_VCAP_120H:TRCN0000196290:-666	0	0	0	0	0	0	0	0	0	0	0	0	1
35	ERGK005_VCAP_120H:TRCN0000199099:-666	0	0	0	0	0	0	0	0	0	0	0	0	1
36	ERGK006_VCAP_120H:CMAP-ERGK001:-666	0	0	0	0	0	0	0	0	0	0	0	0	1
37	ERGK007_VCAP_120H:TRCN0000003140:-666	0	0	0	0	0	0	0	0	0	0	0	0	1
38	ERGK008_VCAP_120H:TRCN0000010197:-666	0	0	0	0	0	0	0	0	0	0	0	0	1
39	ERGK009_VCAP_120H:TRCN0000000585:-666	0	0	0	0	0	0	0	0	0	0	0	0	1
40	ERGK009_VCAP_120H:TRCN0000000804:-666	0	0	0	0	0	0	0	0	0	0	0	0	1
41	ERGK009_VCAP_120H:TRCN0000195595:-666	0	0	0	0	0	0	0	0	0	0	0	0	1
42	ERGK009_VCAP_120H:TRCN0000199872:-666	0	0	0	0	0	0	0	0	0	0	0	0	1
43	ERGK010_VCAP_120H:TRCN0000006404:-666	0	0	0	0	0	0	0	0	0	0	0	0	1
44	ERGK013_VCAP_120H:TRCN0000000970:-666	0	0	0	0	0	0	0	0	0	0	0	0	1
45	ERGK013_VCAP_120H:TRCN0000121073:-666	0	0	0	0	0	0	0	0	0	0	0	0	1
46	ERGK013_VCAP_120H:TRCN0000195408:-666	0	0	0	0	0	0	0	0	0	0	0	0	1
47	ERGK014_VCAP_120H:TRCN0000001354:-666	0	0	0	0	0	0	0	0	0	0	0	0	1
48	ERGK015_VCAP_120H:TRCN0000000419:-666	0	0	0	0	0	0	0	0	0	0	0	0	1
49	ERGK015_VCAP_120H:TRCN0000038681:-666	0	0	0	0	0	0	0	0	0	0	0	0	1
50	ERGK015_VCAP_120H:TRCN0000194690:-666	0	0	0	0	0	0	0	0	0	0	0	0	1
51	ERGK016_VCAP_120H:TRCN0000000903:-666	0	0	0	0	0	0	0	0	0	0	0	0	1
52	ERGK016_VCAP_120H:TRCN0000006298:-666	0	0	0	0	0	0	0	0	0	0	0	0	1
53	ERGK016_VCAP_120H:TRCN0000007100:-666	0	0	0	0	0	0	0	0	0	0	0	0	1
54	ERGK016_VCAP_120H:TRCN0000195671:-666	0	0	0	0	0	0	0	0	0	0	0	0	1
55	KDA001_A549_96H:TRCN0000000777:-666	0	0	0	1	0	0	0	0	0	0	0	0	0
56	KDA001_A549_96H:TRCN0000003756:-666	0	0	0	1	0	0	0	0	0	0	0	0	0
57	KDA001_A549_96H:TRCN0000005986:-666	0	0	0	1	0	0	0	0	0	0	0	0	0
58	KDA001_A549_96H:TRCN0000005998:-666	0	0	0	1	0	0	0	0	0	0	0	0	0
59	KDA001_A549_96H:TRCN0000006042:-666	0	0	0	1	0	0	0	0	0	0	0	0	0
60	KDA001_A549_96H:TRCN0000013575:-666	0	0	0	1	0	0	0	0	0	0	0	0	0
61	KDA001_A549_96H:TRCN0000039635:-666	0	0	0	1	0	0	0	0	0	0	0	0	0
62	KDA001_A549_96H:TRCN0000039901:-666	0	0	0	1	0	0	0	0	0	0	0	0	0
63	KDA001_A549_96H:TRCN0000039961:-666	0	0	0	1	0	0	0	0	0	0	0	0	0
64	KDA001_A549_96H:TRCN0000040081:-666	0	0	0	1	0	0	0	0	0	0	0	0	0
65	KDA001_A549_96H:TRCN0000061753:-666	0	0	0	1	0	0	0	0	0	0	0	0	0
66	KDA001_HA1E_96H:TRCN0000000656:-666	0	0	0	0	1	0	0	0	0	0	0	0	0
67	KDA001_HA1E_96H:TRCN0000000779:-666	0	0	0	0	1	0	0	0	0	0	0	0	0
68	KDA001_HA1E_96H:TRCN0000001620:-666	0	0	0	0	1	0	0	0	0	0	0	0	0
69	KDA001_HA1E_96H:TRCN0000003755:-666	0	0	0	0	1	0	0	0	0	0	0	0	0
70	KDA001_HA1E_96H:TRCN0000005986:-666	0	0	0	0	1	0	0	0	0	0	0	0	0
71	KDA001_HA1E_96H:TRCN0000005996:-666	0	0	0	0	1	0	0	0	0	0	0	0	0
72	KDA001_HA1E_96H:TRCN0000006044:-666	0	0	0	0	1	0	0	0	0	0	0	0	0
73	KDA001_HA1E_96H:TRCN0000013567:-666	0	0	0	0	1	0	0	0	0	0	0	0	0
74	KDA001_HA1E_96H:TRCN0000013575:-666	0	0	0	0	1	0	0	0	0	0	0	0	0
75	KDA001_HA1E_96H:TRCN0000019384:-666	0	0	0	0	1	0	0	0	0	0	0	0	0
76	KDA001_HA1E_96H:TRCN0000039633:-666	0	0	0	0	1	0	0	0	0	0	0	0	0
77	KDA001_HA1E_96H:TRCN0000039942:-666	0	0	0	0	1	0	0	0	0	0	0	0	0
78	KDA001_HA1E_96H:TRCN0000040038:-666	0	0	0	0	1	0	0	0	0	0	0	0	0
79	KDA001_HA1E_96H:TRCN0000040081:-666	0	0	0	0	1	0	0	0	0	0	0	0	0
80	KDA001_HA1E_96H:TRCN0000040212:-666	0	0	0	0	1	0	0	0	0	0	0	0	0
81	KDA001_HT29_96H:TRCN0000004823:-666	1	0	0	0	0	0	0	0	0	0	0	0	0
82	KDA001_HT29_96H:TRCN0000006044:-666	1	0	0	0	0	0	0	0	0	0	0	0	0
83	KDA001_HT29_96H:TRCN0000010341:-666	1	0	0	0	0	0	0	0	0	0	0	0	0
84	KDA001_HT29_96H:TRCN0000037816:-666	1	0	0	0	0	0	0	0	0	0	0	0	0
85	KDA001_HT29_96H:TRCN0000040082:-666	1	0	0	0	0	0	0	0	0	0	0	0	0
86	KDA001_HT29_96H:TRCN0000061756:-666	1	0	0	0	0	0	0	0	0	0	0	0	0
87	KDA001_MCF7_96H:TRCN0000001617:-666	0	1	0	0	0	0	0	0	0	0	0	0	0
88	KDA001_MCF7_96H:TRCN0000008027:-666	0	1	0	0	0	0	0	0	0	0	0	0	0
89	KDA002_A375_96H:A14	0	0	0	0	0	0	0	0	0	0	1	0	0
90	KDA002_A375_96H:E05	0	0	0	0	0	0	0	0	0	0	1	0	0
91	KDA002_A375_96H:H11	0	0	0	0	0	0	0	0	0	0	1	0	0
92	KDA002_A375_96H:J19	0	0	0	0	0	0	0	0	0	0	1	0	0
93	KDA002_A375_96H:L01	0	0	0	0	0	0	0	0	0	0	1	0	0
94	KDA002_A375_96H:L11	0	0	0	0	0	0	0	0	0	0	1	0	0
95	KDA002_A375_96H:M08	0	0	0	0	0	0	0	0	0	0	1	0	0
96	KDA002_A375_96H:N12	0	0	0	0	0	0	0	0	0	0	1	0	0
97	KDA002_A375_96H:TRCN0000003581:-666	0	0	0	0	0	0	0	0	0	0	1	0	0
98	KDA002_A375_96H:TRCN0000021847:-666	0	0	0	0	0	0	0	0	0	0	1	0	0
99	KDA002_A549_96H:TRCN0000004303:-666	0	0	0	1	0	0	0	0	0	0	0	0	0
100	KDA002_A549_96H:TRCN0000007006:-666	0	0	0	1	0	0	0	0	0	0	0	0	0
101	KDA002_A549_96H:TRCN0000020843:-666	0	0	0	1	0	0	0	0	0	0	0	0	0
102	KDA002_A549_96H:TRCN0000035709:-666	0	0	0	1	0	0	0	0	0	0	0	0	0
103	KDA002_A549_96H:TRCN0000040167:-666	0	0	0	1	0	0	0	0	0	0	0	0	0
104	KDA002_HT29_96H:TRCN0000000583:-666	1	0	0	0	0	0	0	0	0	0	0	0	0
105	KDA002_HT29_96H:TRCN0000002430:-666	1	0	0	0	0	0	0	0	0	0	0	0	0
106	KDA002_HT29_96H:TRCN0000003551:-666	1	0	0	0	0	0	0	0	0	0	0	0	0
107	KDA002_MCF7_144H:TRCN0000000583:-666	0	1	0	0	0	0	0	0	0	0	0	0	0
108	KDA002_MCF7_144H:TRCN0000035710:-666	0	1	0	0	0	0	0	0	0	0	0	0	0
109	KDA002_MCF7_96H:TRCN0000007241:-666	0	1	0	0	0	0	0	0	0	0	0	0	0
110	KDA002_PC3_96H:TRCN0000002429:-666	0	0	0	0	0	0	1	0	0	0	0	0	0
111	KDA002_PC3_96H:TRCN0000007241:-666	0	0	0	0	0	0	1	0	0	0	0	0	0
112	KDA002_VCAP_120H:TRCN0000004303:-666	0	0	0	0	0	0	0	0	0	0	0	0	1
113	KDA002_VCAP_120H:TRCN0000004828:-666	0	0	0	0	0	0	0	0	0	0	0	0	1
114	KDA002_VCAP_120H:TRCN0000019990:-666	0	0	0	0	0	0	0	0	0	0	0	0	1
115	KDA002_VCAP_120H:TRCN0000035710:-666	0	0	0	0	0	0	0	0	0	0	0	0	1
116	KDA003_A549_96H:TRCN0000007454:-666	0	0	0	1	0	0	0	0	0	0	0	0	0
117	KDA003_A549_96H:TRCN0000013739:-666	0	0	0	1	0	0	0	0	0	0	0	0	0
118	KDA003_A549_96H:TRCN0000022217:-666	0	0	0	1	0	0	0	0	0	0	0	0	0
119	KDA003_A549_96H:TRCN0000037899:-666	0	0	0	1	0	0	0	0	0	0	0	0	0
120	KDA003_A549_96H:TRCN0000045248:-666	0	0	0	1	0	0	0	0	0	0	0	0	0
121	KDA003_HA1E_96H:TRCN0000000595:-666	0	0	0	0	1	0	0	0	0	0	0	0	0
122	KDA003_HA1E_96H:TRCN0000003799:-666	0	0	0	0	1	0	0	0	0	0	0	0	0
123	KDA003_HA1E_96H:TRCN0000006294:-666	0	0	0	0	1	0	0	0	0	0	0	0	0
124	KDA003_HA1E_96H:TRCN0000007930:-666	0	0	0	0	1	0	0	0	0	0	0	0	0
125	KDA003_HA1E_96H:TRCN0000014793:-666	0	0	0	0	1	0	0	0	0	0	0	0	0
126	KDA003_HA1E_96H:TRCN0000033458:-666	0	0	0	0	1	0	0	0	0	0	0	0	0
127	KDA003_HA1E_96H:TRCN0000064515:-666	0	0	0	0	1	0	0	0	0	0	0	0	0
128	KDA003_HEPG2_96H:TRCN0000007930:-666	0	0	0	0	0	0	0	0	1	0	0	0	0
129	KDA003_HEPG2_96H:TRCN0000010039:-666	0	0	0	0	0	0	0	0	1	0	0	0	0
130	KDA003_HT29_96H:D03	1	0	0	0	0	0	0	0	0	0	0	0	0
131	KDA003_HT29_96H:F23	1	0	0	0	0	0	0	0	0	0	0	0	0
132	KDA003_HT29_96H:P15	1	0	0	0	0	0	0	0	0	0	0	0	0
133	KDA003_HT29_96H:TRCN0000002329:-666	1	0	0	0	0	0	0	0	0	0	0	0	0
134	KDA003_HT29_96H:TRCN0000003802:-666	1	0	0	0	0	0	0	0	0	0	0	0	0
135	KDA003_HT29_96H:TRCN0000007932:-666	1	0	0	0	0	0	0	0	0	0	0	0	0
136	KDA003_HT29_96H:TRCN0000064517:-666	1	0	0	0	0	0	0	0	0	0	0	0	0
137	KDA003_MCF7_144H:TRCN0000001028:-666	0	1	0	0	0	0	0	0	0	0	0	0	0
138	KDA003_PC3_96H:TRCN0000006150:-666	0	0	0	0	0	0	1	0	0	0	0	0	0
139	KDA003_PC3_96H:TRCN0000019542:-666	0	0	0	0	0	0	1	0	0	0	0	0	0
140	KDA003_VCAP_120H:TRCN0000033457:-666	0	0	0	0	0	0	0	0	0	0	0	0	1
141	KDA004_A549_96H:TRCN0000000034:-666	0	0	0	1	0	0	0	0	0	0	0	0	0
142	KDA004_A549_96H:TRCN0000000603:-666	0	0	0	1	0	0	0	0	0	0	0	0	0
143	KDA004_A549_96H:TRCN0000002283:-666	0	0	0	1	0	0	0	0	0	0	0	0	0
144	KDA004_A549_96H:TRCN0000021618:-666	0	0	0	1	0	0	0	0	0	0	0	0	0
145	KDA004_A549_96H:TRCN0000040207:-666	0	0	0	1	0	0	0	0	0	0	0	0	0
146	KDA004_A549_96H:TRCN0000061770:-666	0	0	0	1	0	0	0	0	0	0	0	0	0
147	KDA004_A549_96H:TRCN0000062576:-666	0	0	0	1	0	0	0	0	0	0	0	0	0
148	KDA004_HA1E_96H:TRCN0000046452:-666	0	0	0	0	1	0	0	0	0	0	0	0	0
149	KDA004_HEPG2_96H:TRCN0000001673:-666	0	0	0	0	0	0	0	0	1	0	0	0	0
150	KDA004_HEPG2_96H:TRCN0000002780:-666	0	0	0	0	0	0	0	0	1	0	0	0	0
151	KDA004_HEPG2_96H:TRCN0000006487:-666	0	0	0	0	0	0	0	0	1	0	0	0	0
152	KDA004_HEPG2_96H:TRCN0000040207:-666	0	0	0	0	0	0	0	0	1	0	0	0	0
153	KDA004_HEPG2_96H:TRCN0000061770:-666	0	0	0	0	0	0	0	0	1	0	0	0	0
154	KDA004_HT29_96H:TRCN0000000605:-666	1	0	0	0	0	0	0	0	0	0	0	0	0
155	KDA004_HT29_96H:TRCN0000001700:-666	1	0	0	0	0	0	0	0	0	0	0	0	0
156	KDA004_HT29_96H:TRCN0000008682:-666	1	0	0	0	0	0	0	0	0	0	0	0	0
157	KDA004_HT29_96H:TRCN0000040206:-666	1	0	0	0	0	0	0	0	0	0	0	0	0
158	KDA004_HT29_96H:TRCN0000050913:-666	1	0	0	0	0	0	0	0	0	0	0	0	0
159	KDA004_MCF7_96H:TRCN0000003301:-666	0	1	0	0	0	0	0	0	0	0	0	0	0
160	KDA004_MCF7_96H:TRCN0000050746:-666	0	1	0	0	0	0	0	0	0	0	0	0	0
161	KDA004_PC3_96H:TRCN0000002780:-666	0	0	0	0	0	0	1	0	0	0	0	0	0
162	KDA005_A549_96H:TRCN0000016644:-666	0	0	0	1	0	0	0	0	0	0	0	0	0
163	KDA005_A549_96H:TRCN0000039797:-666	0	0	0	1	0	0	0	0	0	0	0	0	0
164	KDA005_A549_96H:TRCN0000040011:-666	0	0	0	1	0	0	0	0	0	0	0	0	0
165	KDA005_A549_96H:TRCN0000280771:-666	0	0	0	1	0	0	0	0	0	0	0	0	0
166	KDA005_A549_96H:TRCN0000312623:-666	0	0	0	1	0	0	0	0	0	0	0	0	0
167	KDA005_A549_96H:TRCN0000318689:-666	0	0	0	1	0	0	0	0	0	0	0	0	0
168	KDA005_A549_96H:TRCN0000359320:-666	0	0	0	1	0	0	0	0	0	0	0	0	0
169	KDA005_HA1E_96H:TRCN0000039796:-666	0	0	0	0	1	0	0	0	0	0	0	0	0
170	KDA005_HA1E_96H:TRCN0000083416:-666	0	0	0	0	1	0	0	0	0	0	0	0	0
171	KDA005_HA1E_96H:TRCN0000194896:-666	0	0	0	0	1	0	0	0	0	0	0	0	0
172	KDA005_HA1E_96H:TRCN0000338343:-666	0	0	0	0	1	0	0	0	0	0	0	0	0
173	KDA005_HT29_96H:TRCN0000007304:-666	1	0	0	0	0	0	0	0	0	0	0	0	0
174	KDA005_HT29_96H:TRCN0000073720:-666	1	0	0	0	0	0	0	0	0	0	0	0	0
175	KDA005_HT29_96H:TRCN0000312623:-666	1	0	0	0	0	0	0	0	0	0	0	0	0
176	KDA005_HT29_96H:TRCN0000330669:-666	1	0	0	0	0	0	0	0	0	0	0	0	0
177	KDA005_HT29_96H:TRCN0000344491:-666	1	0	0	0	0	0	0	0	0	0	0	0	0
178	KDA005_MCF7_144H:TRCN0000039797:-666	0	1	0	0	0	0	0	0	0	0	0	0	0
179	KDA005_MCF7_144H:TRCN0000062272:-666	0	1	0	0	0	0	0	0	0	0	0	0	0
180	KDA005_MCF7_144H:TRCN0000314667:-666	0	1	0	0	0	0	0	0	0	0	0	0	0
181	KDA005_MCF7_96H:TRCN0000001525:-666	0	1	0	0	0	0	0	0	0	0	0	0	0
182	KDA005_MCF7_96H:TRCN0000004265:-666	0	1	0	0	0	0	0	0	0	0	0	0	0
183	KDA005_MCF7_96H:TRCN0000006255:-666	0	1	0	0	0	0	0	0	0	0	0	0	0
184	KDA005_MCF7_96H:TRCN0000010209:-666	0	1	0	0	0	0	0	0	0	0	0	0	0
185	KDA005_MCF7_96H:TRCN0000016644:-666	0	1	0	0	0	0	0	0	0	0	0	0	0
186	KDA005_MCF7_96H:TRCN0000019898:-666	0	1	0	0	0	0	0	0	0	0	0	0	0
187	KDA005_MCF7_96H:TRCN0000073718:-666	0	1	0	0	0	0	0	0	0	0	0	0	0
188	KDA005_MCF7_96H:TRCN0000280098:-666	0	1	0	0	0	0	0	0	0	0	0	0	0
189	KDA005_MCF7_96H:TRCN0000327686:-666	0	1	0	0	0	0	0	0	0	0	0	0	0
190	KDA005_PC3_144H:TRCN0000314547:-666	0	0	0	0	0	0	1	0	0	0	0	0	0
191	KDA005_PC3_144H:TRCN0000314667:-666	0	0	0	0	0	0	1	0	0	0	0	0	0
192	KDA005_PC3_96H:TRCN0000004265:-666	0	0	0	0	0	0	1	0	0	0	0	0	0
193	KDA005_PC3_96H:TRCN0000006258:-666	0	0	0	0	0	0	1	0	0	0	0	0	0
194	KDA005_PC3_96H:TRCN0000051092:-666	0	0	0	0	0	0	1	0	0	0	0	0	0
195	KDA005_PC3_96H:TRCN0000154656:-666	0	0	0	0	0	0	1	0	0	0	0	0	0
196	KDA005_PC3_96H:TRCN0000196420:-666	0	0	0	0	0	0	1	0	0	0	0	0	0
197	KDA005_VCAP_120H:TRCN0000007235:-666	0	0	0	0	0	0	0	0	0	0	0	0	1
198	KDA005_VCAP_120H:TRCN0000029354:-666	0	0	0	0	0	0	0	0	0	0	0	0	1
199	KDA005_VCAP_120H:TRCN0000039833:-666	0	0	0	0	0	0	0	0	0	0	0	0	1
200	KDA005_VCAP_120H:TRCN0000318689:-666	0	0	0	0	0	0	0	0	0	0	0	0	1
201	KDA006_A375_96H:TRCN0000004866:-666	0	0	0	0	0	0	0	0	0	0	1	0	0
202	KDA006_A375_96H:TRCN0000010562:-666	0	0	0	0	0	0	0	0	0	0	1	0	0
203	KDA006_A375_96H:TRCN0000010643:-666	0	0	0	0	0	0	0	0	0	0	1	0	0
204	KDA006_A375_96H:TRCN0000015548:-666	0	0	0	0	0	0	0	0	0	0	1	0	0
205	KDA006_A375_96H:TRCN0000029517:-666	0	0	0	0	0	0	0	0	0	0	1	0	0
206	KDA006_A375_96H:TRCN0000231509:-666	0	0	0	0	0	0	0	0	0	0	1	0	0
207	KDA006_A375_96H:TRCN0000273171:-666	0	0	0	0	0	0	0	0	0	0	1	0	0
208	KDA006_A375_96H:TRCN0000288701:-666	0	0	0	0	0	0	0	0	0	0	1	0	0
209	KDA006_A375_96H:TRCN0000294474:-666	0	0	0	0	0	0	0	0	0	0	1	0	0
210	KDA006_A375_96H:TRCN0000295864:-666	0	0	0	0	0	0	0	0	0	0	1	0	0
211	KDA006_A375_96H:TRCN0000320546:-666	0	0	0	0	0	0	0	0	0	0	1	0	0
212	KDA006_A375_96H:TRCN0000372724:-666	0	0	0	0	0	0	0	0	0	0	1	0	0
213	KDA006_A549_96H:TRCN0000011012:-666	0	0	0	1	0	0	0	0	0	0	0	0	0
214	KDA006_A549_96H:TRCN0000018913:-666	0	0	0	1	0	0	0	0	0	0	0	0	0
215	KDA006_HA1E_96H:TRCN0000003562:-666	0	0	0	0	1	0	0	0	0	0	0	0	0
216	KDA006_HA1E_96H:TRCN0000195112:-666	0	0	0	0	1	0	0	0	0	0	0	0	0
217	KDA006_HA1E_96H:TRCN0000196401:-666	0	0	0	0	1	0	0	0	0	0	0	0	0
218	KDA006_HA1E_96H:TRCN0000342231:-666	0	0	0	0	1	0	0	0	0	0	0	0	0
219	KDA006_HEPG2_96H:TRCN0000003560:-666	0	0	0	0	0	0	0	0	1	0	0	0	0
220	KDA006_HEPG2_96H:TRCN0000010037:-666	0	0	0	0	0	0	0	0	1	0	0	0	0
221	KDA006_HEPG2_96H:TRCN0000231101:-666	0	0	0	0	0	0	0	0	1	0	0	0	0
222	KDA006_HEPG2_96H:TRCN0000274180:-666	0	0	0	0	0	0	0	0	1	0	0	0	0
223	KDA006_HEPG2_96H:TRCN0000287021:-666	0	0	0	0	0	0	0	0	1	0	0	0	0
224	KDA006_HEPG2_96H:TRCN0000289027:-666	0	0	0	0	0	0	0	0	1	0	0	0	0
225	KDA006_HT29_96H:TRCN0000000898:-666	1	0	0	0	0	0	0	0	0	0	0	0	0
226	KDA006_HT29_96H:TRCN0000001224:-666	1	0	0	0	0	0	0	0	0	0	0	0	0
227	KDA006_HT29_96H:TRCN0000004868:-666	1	0	0	0	0	0	0	0	0	0	0	0	0
228	KDA006_HT29_96H:TRCN0000083993:-666	1	0	0	0	0	0	0	0	0	0	0	0	0
229	KDA006_HT29_96H:TRCN0000197017:-666	1	0	0	0	0	0	0	0	0	0	0	0	0
230	KDA006_HT29_96H:TRCN0000231101:-666	1	0	0	0	0	0	0	0	0	0	0	0	0
231	KDA006_HT29_96H:TRCN0000274230:-666	1	0	0	0	0	0	0	0	0	0	0	0	0
232	KDA006_MCF7_144H:TRCN0000072588:-666	0	1	0	0	0	0	0	0	0	0	0	0	0
233	KDA006_MCF7_144H:TRCN0000231101:-666	0	1	0	0	0	0	0	0	0	0	0	0	0
234	KDA006_MCF7_144H:TRCN0000274230:-666	0	1	0	0	0	0	0	0	0	0	0	0	0
235	KDA006_MCF7_96H:TRCN0000018913:-666	0	1	0	0	0	0	0	0	0	0	0	0	0
236	KDA006_PC3_144H:TRCN0000003560:-666	0	0	0	0	0	0	1	0	0	0	0	0	0
237	KDA006_PC3_144H:TRCN0000029517:-666	0	0	0	0	0	0	1	0	0	0	0	0	0
238	KDA006_PC3_144H:TRCN0000050958:-666	0	0	0	0	0	0	1	0	0	0	0	0	0
239	KDA006_PC3_144H:TRCN0000231101:-666	0	0	0	0	0	0	1	0	0	0	0	0	0
240	KDA006_PC3_144H:TRCN0000358806:-666	0	0	0	0	0	0	1	0	0	0	0	0	0
241	KDA006_PC3_96H:TRCN0000008337:-666	0	0	0	0	0	0	1	0	0	0	0	0	0
242	KDA006_PC3_96H:TRCN0000018913:-666	0	0	0	0	0	0	1	0	0	0	0	0	0
243	KDA006_PC3_96H:TRCN0000194922:-666	0	0	0	0	0	0	1	0	0	0	0	0	0
244	KDA006_PC3_96H:TRCN0000273985:-666	0	0	0	0	0	0	1	0	0	0	0	0	0
245	KDA006_PC3_96H:TRCN0000288700:-666	0	0	0	0	0	0	1	0	0	0	0	0	0
246	KDA006_PC3_96H:TRCN0000289027:-666	0	0	0	0	0	0	1	0	0	0	0	0	0
247	KDA006_PC3_96H:TRCN0000290470:-666	0	0	0	0	0	0	1	0	0	0	0	0	0
248	KDA006_VCAP_120H:TRCN0000278333:-666	0	0	0	0	0	0	0	0	0	0	0	0	1
249	KDA007_A549_96H:TRCN0000002859:-666	0	0	0	1	0	0	0	0	0	0	0	0	0
250	KDA007_A549_96H:TRCN0000014758:-666	0	0	0	1	0	0	0	0	0	0	0	0	0
251	KDA007_A549_96H:TRCN0000033506:-666	0	0	0	1	0	0	0	0	0	0	0	0	0
252	KDA007_A549_96H:TRCN0000053612:-666	0	0	0	1	0	0	0	0	0	0	0	0	0
253	KDA007_A549_96H:TRCN0000058164:-666	0	0	0	1	0	0	0	0	0	0	0	0	0
254	KDA007_A549_96H:TRCN0000194823:-666	0	0	0	1	0	0	0	0	0	0	0	0	0
255	KDA007_A549_96H:TRCN0000342340:-666	0	0	0	1	0	0	0	0	0	0	0	0	0
256	KDA007_HA1E_96H:TRCN0000002856:-666	0	0	0	0	1	0	0	0	0	0	0	0	0
257	KDA007_HA1E_96H:TRCN0000196853:-666	0	0	0	0	1	0	0	0	0	0	0	0	0
258	KDA007_HA1E_96H:TRCN0000274152:-666	0	0	0	0	1	0	0	0	0	0	0	0	0
259	KDA007_HA1E_96H:TRCN0000286656:-666	0	0	0	0	1	0	0	0	0	0	0	0	0
260	KDA007_HA1E_96H:TRCN0000320582:-666	0	0	0	0	1	0	0	0	0	0	0	0	0
261	KDA007_HA1E_96H:TRCN0000338202:-666	0	0	0	0	1	0	0	0	0	0	0	0	0
262	KDA007_HA1E_96H:TRCN0000352673:-666	0	0	0	0	1	0	0	0	0	0	0	0	0
263	KDA007_HEPG2_96H:TRCN0000230497:-666	0	0	0	0	0	0	0	0	1	0	0	0	0
264	KDA007_HEPG2_96H:TRCN0000274152:-666	0	0	0	0	0	0	0	0	1	0	0	0	0
265	KDA007_HT29_96H:A18	1	0	0	0	0	0	0	0	0	0	0	0	0
266	KDA007_HT29_96H:C15	1	0	0	0	0	0	0	0	0	0	0	0	0
267	KDA007_HT29_96H:G03	1	0	0	0	0	0	0	0	0	0	0	0	0
268	KDA007_HT29_96H:G21	1	0	0	0	0	0	0	0	0	0	0	0	0
269	KDA007_HT29_96H:K01	1	0	0	0	0	0	0	0	0	0	0	0	0
270	KDA007_HT29_96H:K16	1	0	0	0	0	0	0	0	0	0	0	0	0
271	KDA007_HT29_96H:M09	1	0	0	0	0	0	0	0	0	0	0	0	0
272	KDA007_HT29_96H:O02	1	0	0	0	0	0	0	0	0	0	0	0	0
273	KDA007_HT29_96H:TRCN0000053612:-666	1	0	0	0	0	0	0	0	0	0	0	0	0
274	KDA007_HT29_96H:TRCN0000194823:-666	1	0	0	0	0	0	0	0	0	0	0	0	0
275	KDA007_HT29_96H:TRCN0000195100:-666	1	0	0	0	0	0	0	0	0	0	0	0	0
276	KDA007_HT29_96H:TRCN0000320679:-666	1	0	0	0	0	0	0	0	0	0	0	0	0
277	KDA007_MCF7_144H:TRCN0000019266:-666	0	1	0	0	0	0	0	0	0	0	0	0	0
278	KDA007_MCF7_144H:TRCN0000060542:-666	0	1	0	0	0	0	0	0	0	0	0	0	0
279	KDA007_MCF7_144H:TRCN0000196255:-666	0	1	0	0	0	0	0	0	0	0	0	0	0
280	KDA007_MCF7_144H:TRCN0000320675:-666	0	1	0	0	0	0	0	0	0	0	0	0	0
281	KDA007_MCF7_96H:C15	0	1	0	0	0	0	0	0	0	0	0	0	0
282	KDA007_MCF7_96H:F06	0	1	0	0	0	0	0	0	0	0	0	0	0
283	KDA007_MCF7_96H:I11	0	1	0	0	0	0	0	0	0	0	0	0	0
284	KDA007_MCF7_96H:J04	0	1	0	0	0	0	0	0	0	0	0	0	0
285	KDA007_MCF7_96H:K01	0	1	0	0	0	0	0	0	0	0	0	0	0
286	KDA007_MCF7_96H:L15	0	1	0	0	0	0	0	0	0	0	0	0	0
287	KDA007_PC3_144H:TRCN0000004903:-666	0	0	0	0	0	0	1	0	0	0	0	0	0
288	KDA007_PC3_144H:TRCN0000298856:-666	0	0	0	0	0	0	1	0	0	0	0	0	0
289	KDA007_PC3_144H:TRCN0000350398:-666	0	0	0	0	0	0	1	0	0	0	0	0	0
290	KDA007_PC3_96H:D04	0	0	0	0	0	0	1	0	0	0	0	0	0
291	KDA007_PC3_96H:D05	0	0	0	0	0	0	1	0	0	0	0	0	0
292	KDA007_PC3_96H:D12	0	0	0	0	0	0	1	0	0	0	0	0	0
293	KDA007_PC3_96H:E08	0	0	0	0	0	0	1	0	0	0	0	0	0
294	KDA007_VCAP_120H:TRCN0000004840:-666	0	0	0	0	0	0	0	0	0	0	0	0	1
295	KDA007_VCAP_120H:TRCN0000004904:-666	0	0	0	0	0	0	0	0	0	0	0	0	1
296	KDA008_A375_96H:TRCN0000010291:-666	0	0	0	0	0	0	0	0	0	0	1	0	0
297	KDA008_A375_96H:TRCN0000018880:-666	0	0	0	0	0	0	0	0	0	0	1	0	0
298	KDA008_A375_96H:TRCN0000222552:-666	0	0	0	0	0	0	0	0	0	0	1	0	0
299	KDA008_A375_96H:TRCN0000256865:-666	0	0	0	0	0	0	0	0	0	0	1	0	0
300	KDA008_A375_96H:TRCN0000318360:-666	0	0	0	0	0	0	0	0	0	0	1	0	0
301	KDA008_A549_96H:TRCN0000010291:-666	0	0	0	1	0	0	0	0	0	0	0	0	0
302	KDA008_A549_96H:TRCN0000018880:-666	0	0	0	1	0	0	0	0	0	0	0	0	0
303	KDA008_A549_96H:TRCN0000052437:-666	0	0	0	1	0	0	0	0	0	0	0	0	0
304	KDA008_A549_96H:TRCN0000057059:-666	0	0	0	1	0	0	0	0	0	0	0	0	0
305	KDA008_A549_96H:TRCN0000222552:-666	0	0	0	1	0	0	0	0	0	0	0	0	0
306	KDA008_A549_96H:TRCN0000236419:-666	0	0	0	1	0	0	0	0	0	0	0	0	0
307	KDA008_A549_96H:TRCN0000256866:-666	0	0	0	1	0	0	0	0	0	0	0	0	0
308	KDA008_A549_96H:TRCN0000272578:-666	0	0	0	1	0	0	0	0	0	0	0	0	0
309	KDA008_A549_96H:TRCN0000315416:-666	0	0	0	1	0	0	0	0	0	0	0	0	0
310	KDA008_A549_96H:TRCN0000318418:-666	0	0	0	1	0	0	0	0	0	0	0	0	0
311	KDA008_A549_96H:TRCN0000332934:-666	0	0	0	1	0	0	0	0	0	0	0	0	0
312	KDA008_HA1E_96H:TRCN0000196850:-666	0	0	0	0	1	0	0	0	0	0	0	0	0
313	KDA008_HA1E_96H:TRCN0000197055:-666	0	0	0	0	1	0	0	0	0	0	0	0	0
314	KDA008_HA1E_96H:TRCN0000219645:-666	0	0	0	0	1	0	0	0	0	0	0	0	0
315	KDA008_HA1E_96H:TRCN0000318418:-666	0	0	0	0	1	0	0	0	0	0	0	0	0
316	KDA008_HEPG2_96H:TRCN0000001829:-666	0	0	0	0	0	0	0	0	1	0	0	0	0
317	KDA008_HEPG2_96H:TRCN0000006373:-666	0	0	0	0	0	0	0	0	1	0	0	0	0
318	KDA008_HEPG2_96H:TRCN0000010291:-666	0	0	0	0	0	0	0	0	1	0	0	0	0
319	KDA008_HEPG2_96H:TRCN0000047710:-666	0	0	0	0	0	0	0	0	1	0	0	0	0
320	KDA008_HEPG2_96H:TRCN0000272578:-666	0	0	0	0	0	0	0	0	1	0	0	0	0
321	KDA008_HEPG2_96H:TRCN0000273528:-666	0	0	0	0	0	0	0	0	1	0	0	0	0
322	KDA008_HT29_96H:A08	1	0	0	0	0	0	0	0	0	0	0	0	0
323	KDA008_HT29_96H:G01	1	0	0	0	0	0	0	0	0	0	0	0	0
324	KDA008_HT29_96H:P09	1	0	0	0	0	0	0	0	0	0	0	0	0
325	KDA008_HT29_96H:TRCN0000002249:-666	1	0	0	0	0	0	0	0	0	0	0	0	0
326	KDA008_HT29_96H:TRCN0000018882:-666	1	0	0	0	0	0	0	0	0	0	0	0	0
327	KDA008_HT29_96H:TRCN0000047710:-666	1	0	0	0	0	0	0	0	0	0	0	0	0
328	KDA008_HT29_96H:TRCN0000052435:-666	1	0	0	0	0	0	0	0	0	0	0	0	0
329	KDA008_HT29_96H:TRCN0000073826:-666	1	0	0	0	0	0	0	0	0	0	0	0	0
330	KDA008_HT29_96H:TRCN0000256866:-666	1	0	0	0	0	0	0	0	0	0	0	0	0
331	KDA008_HT29_96H:TRCN0000318417:-666	1	0	0	0	0	0	0	0	0	0	0	0	0
332	KDA008_MCF7_144H:TRCN0000052437:-666	0	1	0	0	0	0	0	0	0	0	0	0	0
333	KDA008_MCF7_144H:TRCN0000256866:-666	0	1	0	0	0	0	0	0	0	0	0	0	0
334	KDA008_MCF7_96H:F06	0	1	0	0	0	0	0	0	0	0	0	0	0
335	KDA008_MCF7_96H:O13	0	1	0	0	0	0	0	0	0	0	0	0	0
336	KDA008_PC3_96H:A08	0	0	0	0	0	0	1	0	0	0	0	0	0
337	KDA008_PC3_96H:B06	0	0	0	0	0	0	1	0	0	0	0	0	0
338	KDA008_PC3_96H:C19	0	0	0	0	0	0	1	0	0	0	0	0	0
339	KDA008_PC3_96H:H24	0	0	0	0	0	0	1	0	0	0	0	0	0
340	KDA008_PC3_96H:N09	0	0	0	0	0	0	1	0	0	0	0	0	0
341	KDA008_PC3_96H:P06	0	0	0	0	0	0	1	0	0	0	0	0	0
342	KDA008_VCAP_120H:TRCN0000010214:-666	0	0	0	0	0	0	0	0	0	0	0	0	1
343	KDA009_A549_96H:TRCN0000019357:-666	0	0	0	1	0	0	0	0	0	0	0	0	0
344	KDA009_A549_96H:TRCN0000199052:-666	0	0	0	1	0	0	0	0	0	0	0	0	0
345	KDA009_HEPG2_96H:TRCN0000083924:-666	0	0	0	0	0	0	0	0	1	0	0	0	0
346	KDA009_HEPG2_96H:TRCN0000199052:-666	0	0	0	0	0	0	0	0	1	0	0	0	0
347	KDA009_HEPG2_96H:TRCN0000199830:-666	0	0	0	0	0	0	0	0	1	0	0	0	0
348	KDA009_HEPG2_96H:TRCN0000235518:-666	0	0	0	0	0	0	0	0	1	0	0	0	0
349	KDA009_HEPG2_96H:TRCN0000294182:-666	0	0	0	0	0	0	0	0	1	0	0	0	0
350	KDA009_HEPG2_96H:TRCN0000295919:-666	0	0	0	0	0	0	0	0	1	0	0	0	0
351	KDA009_HT29_96H:TRCN0000000413:-666	1	0	0	0	0	0	0	0	0	0	0	0	0
352	KDA009_HT29_96H:TRCN0000008754:-666	1	0	0	0	0	0	0	0	0	0	0	0	0
353	KDA009_HT29_96H:TRCN0000010985:-666	1	0	0	0	0	0	0	0	0	0	0	0	0
354	KDA009_HT29_96H:TRCN0000019575:-666	1	0	0	0	0	0	0	0	0	0	0	0	0
355	KDA009_HT29_96H:TRCN0000019703:-666	1	0	0	0	0	0	0	0	0	0	0	0	0
356	KDA009_HT29_96H:TRCN0000078658:-666	1	0	0	0	0	0	0	0	0	0	0	0	0
357	KDA009_HT29_96H:TRCN0000199830:-666	1	0	0	0	0	0	0	0	0	0	0	0	0
358	KDA009_HT29_96H:TRCN0000272637:-666	1	0	0	0	0	0	0	0	0	0	0	0	0
359	KDA009_HT29_96H:TRCN0000288612:-666	1	0	0	0	0	0	0	0	0	0	0	0	0
360	KDA009_HT29_96H:TRCN0000291264:-666	1	0	0	0	0	0	0	0	0	0	0	0	0
361	KDA009_HT29_96H:TRCN0000300284:-666	1	0	0	0	0	0	0	0	0	0	0	0	0
362	KDA009_HT29_96H:TRCN0000333585:-666	1	0	0	0	0	0	0	0	0	0	0	0	0
363	KDA009_MCF7_144H:TRCN0000010985:-666	0	1	0	0	0	0	0	0	0	0	0	0	0
364	KDA009_MCF7_144H:TRCN0000019575:-666	0	1	0	0	0	0	0	0	0	0	0	0	0
365	KDA009_MCF7_144H:TRCN0000019701:-666	0	1	0	0	0	0	0	0	0	0	0	0	0
366	KDA009_MCF7_144H:TRCN0000083924:-666	0	1	0	0	0	0	0	0	0	0	0	0	0
367	KDA009_MCF7_96H:TRCN0000072956:-666	0	1	0	0	0	0	0	0	0	0	0	0	0
368	KDA009_MCF7_96H:TRCN0000199830:-666	0	1	0	0	0	0	0	0	0	0	0	0	0
369	KDA009_MCF7_96H:TRCN0000199937:-666	0	1	0	0	0	0	0	0	0	0	0	0	0
370	KDA009_MCF7_96H:TRCN0000272637:-666	0	1	0	0	0	0	0	0	0	0	0	0	0
371	KDA009_MCF7_96H:TRCN0000295919:-666	0	1	0	0	0	0	0	0	0	0	0	0	0
372	KDA009_PC3_144H:TRCN0000219732:-666	0	0	0	0	0	0	1	0	0	0	0	0	0
373	KDA009_PC3_144H:TRCN0000300284:-666	0	0	0	0	0	0	1	0	0	0	0	0	0
374	KDA009_PC3_96H:TRCN0000000413:-666	0	0	0	0	0	0	1	0	0	0	0	0	0
375	KDA009_PC3_96H:TRCN0000010589:-666	0	0	0	0	0	0	1	0	0	0	0	0	0
376	KDA009_PC3_96H:TRCN0000083924:-666	0	0	0	0	0	0	1	0	0	0	0	0	0
377	KDA009_PC3_96H:TRCN0000194826:-666	0	0	0	0	0	0	1	0	0	0	0	0	0
378	KDA009_PC3_96H:TRCN0000199830:-666	0	0	0	0	0	0	1	0	0	0	0	0	0
379	KDA009_PC3_96H:TRCN0000288673:-666	0	0	0	0	0	0	1	0	0	0	0	0	0
380	KDA009_PC3_96H:TRCN0000292172:-666	0	0	0	0	0	0	1	0	0	0	0	0	0
381	KDA009_PC3_96H:TRCN0000307027:-666	0	0	0	0	0	0	1	0	0	0	0	0	0
382	KDA009_PC3_96H:TRCN0000359256:-666	0	0	0	0	0	0	1	0	0	0	0	0	0
383	KDA010_A375_96H:TRCN0000029446:-666	0	0	0	0	0	0	0	0	0	0	1	0	0
384	KDA010_A375_96H:TRCN0000052637:-666	0	0	0	0	0	0	0	0	0	0	1	0	0
385	KDA010_A375_96H:TRCN0000299605:-666	0	0	0	0	0	0	0	0	0	0	1	0	0
386	KDA010_A375_96H:TRCN0000318773:-666	0	0	0	0	0	0	0	0	0	0	1	0	0
387	KDA010_HEPG2_96H:TRCN0000003863:-666	0	0	0	0	0	0	0	0	1	0	0	0	0
388	KDA010_HEPG2_96H:TRCN0000009876:-666	0	0	0	0	0	0	0	0	1	0	0	0	0
389	KDA010_HEPG2_96H:TRCN0000021206:-666	0	0	0	0	0	0	0	0	1	0	0	0	0
390	KDA010_HEPG2_96H:TRCN0000218492:-666	0	0	0	0	0	0	0	0	1	0	0	0	0
391	KDA010_HEPG2_96H:TRCN0000320652:-666	0	0	0	0	0	0	0	0	1	0	0	0	0
392	KDA010_HT29_96H:TRCN0000003861:-666	1	0	0	0	0	0	0	0	0	0	0	0	0
393	KDA010_HT29_96H:TRCN0000013636:-666	1	0	0	0	0	0	0	0	0	0	0	0	0
394	KDA010_HT29_96H:TRCN0000017279:-666	1	0	0	0	0	0	0	0	0	0	0	0	0
395	KDA010_HT29_96H:TRCN0000038727:-666	1	0	0	0	0	0	0	0	0	0	0	0	0
396	KDA010_HT29_96H:TRCN0000205744:-666	1	0	0	0	0	0	0	0	0	0	0	0	0
397	KDA010_HT29_96H:TRCN0000273261:-666	1	0	0	0	0	0	0	0	0	0	0	0	0
398	KDA010_HT29_96H:TRCN0000299608:-666	1	0	0	0	0	0	0	0	0	0	0	0	0
399	KDA010_HT29_96H:TRCN0000343948:-666	1	0	0	0	0	0	0	0	0	0	0	0	0
400	KDA010_MCF7_96H:TRCN0000001128:-666	0	1	0	0	0	0	0	0	0	0	0	0	0
401	KDA010_MCF7_96H:TRCN0000002462:-666	0	1	0	0	0	0	0	0	0	0	0	0	0
402	KDA010_MCF7_96H:TRCN0000262379:-666	0	1	0	0	0	0	0	0	0	0	0	0	0
403	KDA010_PC3_144H:TRCN0000021205:-666	0	0	0	0	0	0	1	0	0	0	0	0	0
404	KDA010_PC3_144H:TRCN0000072498:-666	0	0	0	0	0	0	1	0	0	0	0	0	0
405	KDA010_PC3_96H:TRCN0000004247:-666	0	0	0	0	0	0	1	0	0	0	0	0	0
406	KDA010_PC3_96H:TRCN0000022144:-666	0	0	0	0	0	0	1	0	0	0	0	0	0
407	KDA010_PC3_96H:TRCN0000029446:-666	0	0	0	0	0	0	1	0	0	0	0	0	0
408	KDA010_PC3_96H:TRCN0000040268:-666	0	0	0	0	0	0	1	0	0	0	0	0	0
409	KDA010_PC3_96H:TRCN0000272488:-666	0	0	0	0	0	0	1	0	0	0	0	0	0
410	KDB001_A375_96H:TRCN0000118950:-666	0	0	0	0	0	0	0	0	0	0	1	0	0
411	KDB001_A375_96H:TRCN0000121517:-666	0	0	0	0	0	0	0	0	0	0	1	0	0
412	KDB001_A375_96H:TRCN0000147480:-666	0	0	0	0	0	0	0	0	0	0	1	0	0
413	KDB001_A375_96H:TRCN0000157411:-666	0	0	0	0	0	0	0	0	0	0	1	0	0
414	KDB001_A375_96H:TRCN0000292253:-666	0	0	0	0	0	0	0	0	0	0	1	0	0
415	KDB001_A375_96H:TRCN0000323290:-666	0	0	0	0	0	0	0	0	0	0	1	0	0
416	KDB001_HA1E_96H:TRCN0000122942:-666	0	0	0	0	1	0	0	0	0	0	0	0	0
417	KDB001_HA1E_96H:TRCN0000234318:-666	0	0	0	0	1	0	0	0	0	0	0	0	0
418	KDB001_HCC515_96H:TRCN0000122941:-666	0	0	0	0	0	0	0	0	0	0	0	1	0
419	KDB001_HEPG2_96H:TRCN0000157411:-666	0	0	0	0	0	0	0	0	1	0	0	0	0
420	KDB001_HT29_96H:F06	1	0	0	0	0	0	0	0	0	0	0	0	0
421	KDB001_HT29_96H:O02	1	0	0	0	0	0	0	0	0	0	0	0	0
422	KDB001_VCAP_120H:TRCN0000166636:-666	0	0	0	0	0	0	0	0	0	0	0	0	1
423	KDB002_A375_96H:TRCN0000117272:-666	0	0	0	0	0	0	0	0	0	0	1	0	0
424	KDB002_A375_96H:TRCN0000118853:-666	0	0	0	0	0	0	0	0	0	0	1	0	0
425	KDB002_A375_96H:TRCN0000154657:-666	0	0	0	0	0	0	0	0	0	0	1	0	0
426	KDB002_A375_96H:TRCN0000166671:-666	0	0	0	0	0	0	0	0	0	0	1	0	0
427	KDB002_A375_96H:TRCN0000242755:-666	0	0	0	0	0	0	0	0	0	0	1	0	0
428	KDB002_A375_96H:TRCN0000281148:-666	0	0	0	0	0	0	0	0	0	0	1	0	0
429	KDB002_A549_96H:TRCN0000117272:-666	0	0	0	1	0	0	0	0	0	0	0	0	0
430	KDB002_A549_96H:TRCN0000118854:-666	0	0	0	1	0	0	0	0	0	0	0	0	0
431	KDB002_A549_96H:TRCN0000154657:-666	0	0	0	1	0	0	0	0	0	0	0	0	0
432	KDB002_A549_96H:TRCN0000162271:-666	0	0	0	1	0	0	0	0	0	0	0	0	0
433	KDB002_A549_96H:TRCN0000242752:-666	0	0	0	1	0	0	0	0	0	0	0	0	0
434	KDB002_A549_96H:TRCN0000281148:-666	0	0	0	1	0	0	0	0	0	0	0	0	0
435	KDB002_HA1E_96H:TRCN0000117276:-666	0	0	0	0	1	0	0	0	0	0	0	0	0
436	KDB002_HA1E_96H:TRCN0000166671:-666	0	0	0	0	1	0	0	0	0	0	0	0	0
437	KDB002_HA1E_96H:TRCN0000242752:-666	0	0	0	0	1	0	0	0	0	0	0	0	0
438	KDB002_HA1E_96H:TRCN0000330319:-666	0	0	0	0	1	0	0	0	0	0	0	0	0
439	KDB002_HEPG2_96H:TRCN0000166671:-666	0	0	0	0	0	0	0	0	1	0	0	0	0
440	KDB002_HEPG2_96H:TRCN0000242752:-666	0	0	0	0	0	0	0	0	1	0	0	0	0
441	KDB002_HT29_96H:TRCN0000117272:-666	1	0	0	0	0	0	0	0	0	0	0	0	0
442	KDB002_HT29_96H:TRCN0000154656:-666	1	0	0	0	0	0	0	0	0	0	0	0	0
443	KDB003_A375_96H:TRCN0000000852:-666	0	0	0	0	0	0	0	0	0	0	1	0	0
444	KDB003_A375_96H:TRCN0000002780:-666	0	0	0	0	0	0	0	0	0	0	1	0	0
445	KDB003_A375_96H:TRCN0000018914:-666	0	0	0	0	0	0	0	0	0	0	1	0	0
446	KDB003_A375_96H:TRCN0000036893:-666	0	0	0	0	0	0	0	0	0	0	1	0	0
447	KDB003_A375_96H:TRCN0000045286:-666	0	0	0	0	0	0	0	0	0	0	1	0	0
448	KDB003_A375_96H:TRCN0000049279:-666	0	0	0	0	0	0	0	0	0	0	1	0	0
449	KDB003_A375_96H:TRCN0000052437:-666	0	0	0	0	0	0	0	0	0	0	1	0	0
450	KDB003_A375_96H:TRCN0000062116:-666	0	0	0	0	0	0	0	0	0	0	1	0	0
451	KDB003_A375_96H:TRCN0000118985:-666	0	0	0	0	0	0	0	0	0	0	1	0	0
452	KDB003_A375_96H:TRCN0000150555:-666	0	0	0	0	0	0	0	0	0	0	1	0	0
453	KDB003_A375_96H:TRCN0000151216:-666	0	0	0	0	0	0	0	0	0	0	1	0	0
454	KDB003_A375_96H:TRCN0000154723:-666	0	0	0	0	0	0	0	0	0	0	1	0	0
455	KDB003_A375_96H:TRCN0000162139:-666	0	0	0	0	0	0	0	0	0	0	1	0	0
456	KDB003_A375_96H:TRCN0000278506:-666	0	0	0	0	0	0	0	0	0	0	1	0	0
457	KDB003_A375_96H:TRCN0000286555:-666	0	0	0	0	0	0	0	0	0	0	1	0	0
458	KDB003_A375_96H:TRCN0000319031:-666	0	0	0	0	0	0	0	0	0	0	1	0	0
459	KDB003_HA1E_96H:TRCN0000154723:-666	0	0	0	0	1	0	0	0	0	0	0	0	0
460	KDB003_HCC515_96H:TRCN0000002777:-666	0	0	0	0	0	0	0	0	0	0	0	1	0
461	KDB003_HCC515_96H:TRCN0000039642:-666	0	0	0	0	0	0	0	0	0	0	0	1	0
462	KDB003_HCC515_96H:TRCN0000058695:-666	0	0	0	0	0	0	0	0	0	0	0	1	0
463	KDB003_HCC515_96H:TRCN0000072589:-666	0	0	0	0	0	0	0	0	0	0	0	1	0
464	KDB003_HEPG2_96H:TRCN0000005984:-666	0	0	0	0	0	0	0	0	1	0	0	0	0
465	KDB003_HEPG2_96H:TRCN0000029518:-666	0	0	0	0	0	0	0	0	1	0	0	0	0
466	KDB003_HEPG2_96H:TRCN0000123148:-666	0	0	0	0	0	0	0	0	1	0	0	0	0
467	KDB003_HEPG2_96H:TRCN0000136175:-666	0	0	0	0	0	0	0	0	1	0	0	0	0
468	KDB003_HEPG2_96H:TRCN0000148120:-666	0	0	0	0	0	0	0	0	1	0	0	0	0
469	KDB003_HEPG2_96H:TRCN0000281294:-666	0	0	0	0	0	0	0	0	1	0	0	0	0
470	KDB003_HEPG2_96H:TRCN0000286555:-666	0	0	0	0	0	0	0	0	1	0	0	0	0
471	KDB003_HT29_96H:A15	1	0	0	0	0	0	0	0	0	0	0	0	0
472	KDB003_HT29_96H:B13	1	0	0	0	0	0	0	0	0	0	0	0	0
473	KDB003_HT29_96H:F01	1	0	0	0	0	0	0	0	0	0	0	0	0
474	KDB003_HT29_96H:H15	1	0	0	0	0	0	0	0	0	0	0	0	0
475	KDB003_HT29_96H:N01	1	0	0	0	0	0	0	0	0	0	0	0	0
476	KDB003_HT29_96H:TRCN0000007558:-666	1	0	0	0	0	0	0	0	0	0	0	0	0
477	KDB003_HT29_96H:TRCN0000018914:-666	1	0	0	0	0	0	0	0	0	0	0	0	0
478	KDB003_HT29_96H:TRCN0000281294:-666	1	0	0	0	0	0	0	0	0	0	0	0	0
479	KDB003_MCF7_144H:TRCN0000007558:-666	0	1	0	0	0	0	0	0	0	0	0	0	0
480	KDB003_MCF7_144H:TRCN0000029517:-666	0	1	0	0	0	0	0	0	0	0	0	0	0
481	KDB003_MCF7_144H:TRCN0000039722:-666	0	1	0	0	0	0	0	0	0	0	0	0	0
482	KDB003_MCF7_144H:TRCN0000058694:-666	0	1	0	0	0	0	0	0	0	0	0	0	0
483	KDB003_MCF7_144H:TRCN0000148120:-666	0	1	0	0	0	0	0	0	0	0	0	0	0
484	KDB003_MCF7_144H:TRCN0000166006:-666	0	1	0	0	0	0	0	0	0	0	0	0	0
485	KDB003_PC3_144H:TRCN0000039722:-666	0	0	0	0	0	0	1	0	0	0	0	0	0
486	KDB004_A375_96H:TRCN0000000945:-666	0	0	0	0	0	0	0	0	0	0	1	0	0
487	KDB004_A375_96H:TRCN0000001643:-666	0	0	0	0	0	0	0	0	0	0	1	0	0
488	KDB004_A375_96H:TRCN0000003558:-666	0	0	0	0	0	0	0	0	0	0	1	0	0
489	KDB004_A375_96H:TRCN0000004380:-666	0	0	0	0	0	0	0	0	0	0	1	0	0
490	KDB004_A375_96H:TRCN0000009996:-666	0	0	0	0	0	0	0	0	0	0	1	0	0
491	KDB004_A375_96H:TRCN0000010201:-666	0	0	0	0	0	0	0	0	0	0	1	0	0
492	KDB004_A375_96H:TRCN0000010314:-666	0	0	0	0	0	0	0	0	0	0	1	0	0
493	KDB004_A375_96H:TRCN0000019268:-666	0	0	0	0	0	0	0	0	0	0	1	0	0
494	KDB004_A375_96H:TRCN0000019320:-666	0	0	0	0	0	0	0	0	0	0	1	0	0
495	KDB004_A375_96H:TRCN0000019362:-666	0	0	0	0	0	0	0	0	0	0	1	0	0
496	KDB004_A375_96H:TRCN0000020013:-666	0	0	0	0	0	0	0	0	0	0	1	0	0
497	KDB004_A375_96H:TRCN0000027261:-666	0	0	0	0	0	0	0	0	0	0	1	0	0
498	KDB004_A375_96H:TRCN0000046390:-666	0	0	0	0	0	0	0	0	0	0	1	0	0
499	KDB004_A375_96H:TRCN0000047799:-666	0	0	0	0	0	0	0	0	0	0	1	0	0
500	KDB004_A375_96H:TRCN0000053948:-666	0	0	0	0	0	0	0	0	0	0	1	0	0
501	KDB004_A375_96H:TRCN0000058198:-666	0	0	0	0	0	0	0	0	0	0	1	0	0
502	KDB004_A375_96H:TRCN0000060253:-666	0	0	0	0	0	0	0	0	0	0	1	0	0
503	KDB004_A375_96H:TRCN0000063984:-666	0	0	0	0	0	0	0	0	0	0	1	0	0
504	KDB004_A375_96H:TRCN0000064608:-666	0	0	0	0	0	0	0	0	0	0	1	0	0
505	KDB004_A375_96H:TRCN0000073364:-666	0	0	0	0	0	0	0	0	0	0	1	0	0
506	KDB004_A375_96H:TRCN0000073718:-666	0	0	0	0	0	0	0	0	0	0	1	0	0
507	KDB004_A375_96H:TRCN0000108302:-666	0	0	0	0	0	0	0	0	0	0	1	0	0
508	KDB004_A375_96H:TRCN0000116132:-666	0	0	0	0	0	0	0	0	0	0	1	0	0
509	KDB004_A549_96H:TRCN0000001643:-666	0	0	0	1	0	0	0	0	0	0	0	0	0
510	KDB004_A549_96H:TRCN0000003558:-666	0	0	0	1	0	0	0	0	0	0	0	0	0
511	KDB004_A549_96H:TRCN0000004378:-666	0	0	0	1	0	0	0	0	0	0	0	0	0
512	KDB004_A549_96H:TRCN0000010314:-666	0	0	0	1	0	0	0	0	0	0	0	0	0
513	KDB004_A549_96H:TRCN0000013919:-666	0	0	0	1	0	0	0	0	0	0	0	0	0
514	KDB004_A549_96H:TRCN0000019323:-666	0	0	0	1	0	0	0	0	0	0	0	0	0
515	KDB004_A549_96H:TRCN0000039878:-666	0	0	0	1	0	0	0	0	0	0	0	0	0
516	KDB004_A549_96H:TRCN0000040126:-666	0	0	0	1	0	0	0	0	0	0	0	0	0
517	KDB004_A549_96H:TRCN0000046391:-666	0	0	0	1	0	0	0	0	0	0	0	0	0
518	KDB004_A549_96H:TRCN0000047799:-666	0	0	0	1	0	0	0	0	0	0	0	0	0
519	KDB004_A549_96H:TRCN0000053948:-666	0	0	0	1	0	0	0	0	0	0	0	0	0
520	KDB004_A549_96H:TRCN0000060257:-666	0	0	0	1	0	0	0	0	0	0	0	0	0
521	KDB004_A549_96H:TRCN0000060673:-666	0	0	0	1	0	0	0	0	0	0	0	0	0
522	KDB004_A549_96H:TRCN0000063984:-666	0	0	0	1	0	0	0	0	0	0	0	0	0
523	KDB004_A549_96H:TRCN0000064608:-666	0	0	0	1	0	0	0	0	0	0	0	0	0
524	KDB004_A549_96H:TRCN0000073720:-666	0	0	0	1	0	0	0	0	0	0	0	0	0
525	KDB004_A549_96H:TRCN0000116136:-666	0	0	0	1	0	0	0	0	0	0	0	0	0
526	KDB004_HA1E_96H:TRCN0000000945:-666	0	0	0	0	1	0	0	0	0	0	0	0	0
527	KDB004_HA1E_96H:TRCN0000015550:-666	0	0	0	0	1	0	0	0	0	0	0	0	0
528	KDB004_HA1E_96H:TRCN0000053951:-666	0	0	0	0	1	0	0	0	0	0	0	0	0
529	KDB004_HA1E_96H:TRCN0000058541:-666	0	0	0	0	1	0	0	0	0	0	0	0	0
530	KDB004_HA1E_96H:TRCN0000060255:-666	0	0	0	0	1	0	0	0	0	0	0	0	0
531	KDB004_HA1E_96H:TRCN0000060676:-666	0	0	0	0	1	0	0	0	0	0	0	0	0
532	KDB004_HA1E_96H:TRCN0000073824:-666	0	0	0	0	1	0	0	0	0	0	0	0	0
533	KDB004_HCC515_96H:TRCN0000001643:-666	0	0	0	0	0	0	0	0	0	0	0	1	0
534	KDB004_HCC515_96H:TRCN0000010341:-666	0	0	0	0	0	0	0	0	0	0	0	1	0
535	KDB004_HCC515_96H:TRCN0000046388:-666	0	0	0	0	0	0	0	0	0	0	0	1	0
536	KDB004_HCC515_96H:TRCN0000058202:-666	0	0	0	0	0	0	0	0	0	0	0	1	0
537	KDB004_HCC515_96H:TRCN0000058538:-666	0	0	0	0	0	0	0	0	0	0	0	1	0
538	KDB004_HT29_96H:TRCN0000000970:-666	1	0	0	0	0	0	0	0	0	0	0	0	0
539	KDB004_HT29_96H:TRCN0000004378:-666	1	0	0	0	0	0	0	0	0	0	0	0	0
540	KDB004_HT29_96H:TRCN0000010198:-666	1	0	0	0	0	0	0	0	0	0	0	0	0
541	KDB004_HT29_96H:TRCN0000010401:-666	1	0	0	0	0	0	0	0	0	0	0	0	0
542	KDB004_HT29_96H:TRCN0000027261:-666	1	0	0	0	0	0	0	0	0	0	0	0	0
543	KDB004_HT29_96H:TRCN0000040071:-666	1	0	0	0	0	0	0	0	0	0	0	0	0
544	KDB004_HT29_96H:TRCN0000046391:-666	1	0	0	0	0	0	0	0	0	0	0	0	0
545	KDB004_HT29_96H:TRCN0000060253:-666	1	0	0	0	0	0	0	0	0	0	0	0	0
546	KDB004_HT29_96H:TRCN0000060673:-666	1	0	0	0	0	0	0	0	0	0	0	0	0
547	KDB004_HT29_96H:TRCN0000064608:-666	1	0	0	0	0	0	0	0	0	0	0	0	0
548	KDB004_HT29_96H:TRCN0000073364:-666	1	0	0	0	0	0	0	0	0	0	0	0	0
549	KDB004_HT29_96H:TRCN0000108302:-666	1	0	0	0	0	0	0	0	0	0	0	0	0
550	KDB004_MCF7_144H:TRCN0000003558:-666	0	1	0	0	0	0	0	0	0	0	0	0	0
551	KDB004_MCF7_144H:TRCN0000004378:-666	0	1	0	0	0	0	0	0	0	0	0	0	0
552	KDB004_MCF7_144H:TRCN0000010200:-666	0	1	0	0	0	0	0	0	0	0	0	0	0
553	KDB004_MCF7_144H:TRCN0000020009:-666	0	1	0	0	0	0	0	0	0	0	0	0	0
554	KDB004_MCF7_144H:TRCN0000046391:-666	0	1	0	0	0	0	0	0	0	0	0	0	0
555	KDB004_MCF7_144H:TRCN0000060255:-666	0	1	0	0	0	0	0	0	0	0	0	0	0
556	KDB004_MCF7_144H:TRCN0000073826:-666	0	1	0	0	0	0	0	0	0	0	0	0	0
557	KDB004_MCF7_144H:TRCN0000108302:-666	0	1	0	0	0	0	0	0	0	0	0	0	0
558	KDB004_MCF7_144H:TRCN0000116132:-666	0	1	0	0	0	0	0	0	0	0	0	0	0
559	KDB004_PC3_144H:TRCN0000000970:-666	0	0	0	0	0	0	1	0	0	0	0	0	0
560	KDB004_PC3_144H:TRCN0000004378:-666	0	0	0	0	0	0	1	0	0	0	0	0	0
561	KDB004_PC3_144H:TRCN0000019361:-666	0	0	0	0	0	0	1	0	0	0	0	0	0
562	KDB004_PC3_144H:TRCN0000039943:-666	0	0	0	0	0	0	1	0	0	0	0	0	0
563	KDB004_PC3_144H:TRCN0000047802:-666	0	0	0	0	0	0	1	0	0	0	0	0	0
564	KDB004_PC3_144H:TRCN0000064608:-666	0	0	0	0	0	0	1	0	0	0	0	0	0
565	KDB005_A375_96H:TRCN0000004823:-666	0	0	0	0	0	0	0	0	0	0	1	0	0
566	KDB005_A375_96H:TRCN0000005297:-666	0	0	0	0	0	0	0	0	0	0	1	0	0
567	KDB005_A375_96H:TRCN0000006272:-666	0	0	0	0	0	0	0	0	0	0	1	0	0
568	KDB005_A375_96H:TRCN0000006637:-666	0	0	0	0	0	0	0	0	0	0	1	0	0
569	KDB005_A375_96H:TRCN0000019574:-666	0	0	0	0	0	0	0	0	0	0	1	0	0
570	KDB005_A375_96H:TRCN0000034293:-666	0	0	0	0	0	0	0	0	0	0	1	0	0
571	KDB005_A375_96H:TRCN0000045738:-666	0	0	0	0	0	0	0	0	0	0	1	0	0
572	KDB005_A375_96H:TRCN0000050779:-666	0	0	0	0	0	0	0	0	0	0	1	0	0
573	KDB005_A375_96H:TRCN0000050963:-666	0	0	0	0	0	0	0	0	0	0	1	0	0
574	KDB005_A375_96H:TRCN0000055838:-666	0	0	0	0	0	0	0	0	0	0	1	0	0
575	KDB005_A375_96H:TRCN0000065174:-666	0	0	0	0	0	0	0	0	0	0	1	0	0
576	KDB005_A375_96H:TRCN0000116253:-666	0	0	0	0	0	0	0	0	0	0	1	0	0
577	KDB005_A549_96H:A14	0	0	0	1	0	0	0	0	0	0	0	0	0
578	KDB005_A549_96H:F02	0	0	0	1	0	0	0	0	0	0	0	0	0
579	KDB005_A549_96H:G24	0	0	0	1	0	0	0	0	0	0	0	0	0
580	KDB005_A549_96H:O09	0	0	0	1	0	0	0	0	0	0	0	0	0
581	KDB005_A549_96H:TRCN0000000583:-666	0	0	0	1	0	0	0	0	0	0	0	0	0
582	KDB005_A549_96H:TRCN0000005297:-666	0	0	0	1	0	0	0	0	0	0	0	0	0
583	KDB005_A549_96H:TRCN0000006273:-666	0	0	0	1	0	0	0	0	0	0	0	0	0
584	KDB005_A549_96H:TRCN0000006637:-666	0	0	0	1	0	0	0	0	0	0	0	0	0
585	KDB005_A549_96H:TRCN0000010203:-666	0	0	0	1	0	0	0	0	0	0	0	0	0
586	KDB005_A549_96H:TRCN0000018214:-666	0	0	0	1	0	0	0	0	0	0	0	0	0
587	KDB005_A549_96H:TRCN0000019574:-666	0	0	0	1	0	0	0	0	0	0	0	0	0
588	KDB005_A549_96H:TRCN0000034293:-666	0	0	0	1	0	0	0	0	0	0	0	0	0
589	KDB005_A549_96H:TRCN0000055436:-666	0	0	0	1	0	0	0	0	0	0	0	0	0
590	KDB005_A549_96H:TRCN0000055838:-666	0	0	0	1	0	0	0	0	0	0	0	0	0
591	KDB005_A549_96H:TRCN0000065176:-666	0	0	0	1	0	0	0	0	0	0	0	0	0
592	KDB005_A549_96H:TRCN0000116253:-666	0	0	0	1	0	0	0	0	0	0	0	0	0
593	KDB005_HA1E_96H:TRCN0000001589:-666	0	0	0	0	1	0	0	0	0	0	0	0	0
594	KDB005_HA1E_96H:TRCN0000005773:-666	0	0	0	0	1	0	0	0	0	0	0	0	0
595	KDB005_HA1E_96H:TRCN0000005945:-666	0	0	0	0	1	0	0	0	0	0	0	0	0
596	KDB005_HA1E_96H:TRCN0000006273:-666	0	0	0	0	1	0	0	0	0	0	0	0	0
597	KDB005_HA1E_96H:TRCN0000010193:-666	0	0	0	0	1	0	0	0	0	0	0	0	0
598	KDB005_HA1E_96H:TRCN0000045740:-666	0	0	0	0	1	0	0	0	0	0	0	0	0
599	KDB005_HCC515_96H:TRCN0000005297:-666	0	0	0	0	0	0	0	0	0	0	0	1	0
600	KDB005_HCC515_96H:TRCN0000005774:-666	0	0	0	0	0	0	0	0	0	0	0	1	0
601	KDB005_HCC515_96H:TRCN0000006270:-666	0	0	0	0	0	0	0	0	0	0	0	1	0
602	KDB005_HCC515_96H:TRCN0000029787:-666	0	0	0	0	0	0	0	0	0	0	0	1	0
603	KDB005_HCC515_96H:TRCN0000034293:-666	0	0	0	0	0	0	0	0	0	0	0	1	0
604	KDB005_HCC515_96H:TRCN0000065177:-666	0	0	0	0	0	0	0	0	0	0	0	1	0
605	KDB005_HEPG2_96H:TRCN0000006272:-666	0	0	0	0	0	0	0	0	1	0	0	0	0
606	KDB005_HEPG2_96H:TRCN0000045740:-666	0	0	0	0	0	0	0	0	1	0	0	0	0
607	KDB005_HEPG2_96H:TRCN0000053611:-666	0	0	0	0	0	0	0	0	1	0	0	0	0
608	KDB005_HEPG2_96H:TRCN0000065174:-666	0	0	0	0	0	0	0	0	1	0	0	0	0
609	KDB005_HT29_96H:P09	1	0	0	0	0	0	0	0	0	0	0	0	0
610	KDB005_HT29_96H:P14	1	0	0	0	0	0	0	0	0	0	0	0	0
611	KDB005_HT29_96H:TRCN0000013342:-666	1	0	0	0	0	0	0	0	0	0	0	0	0
612	KDB005_MCF7_144H:TRCN0000000618:-666	0	1	0	0	0	0	0	0	0	0	0	0	0
613	KDB005_MCF7_144H:TRCN0000002247:-666	0	1	0	0	0	0	0	0	0	0	0	0	0
614	KDB005_MCF7_144H:TRCN0000005295:-666	0	1	0	0	0	0	0	0	0	0	0	0	0
615	KDB005_MCF7_144H:TRCN0000005773:-666	0	1	0	0	0	0	0	0	0	0	0	0	0
616	KDB005_MCF7_144H:TRCN0000006636:-666	0	1	0	0	0	0	0	0	0	0	0	0	0
617	KDB005_MCF7_144H:TRCN0000018214:-666	0	1	0	0	0	0	0	0	0	0	0	0	0
618	KDB005_MCF7_144H:TRCN0000045738:-666	0	1	0	0	0	0	0	0	0	0	0	0	0
619	KDB005_MCF7_144H:TRCN0000053609:-666	0	1	0	0	0	0	0	0	0	0	0	0	0
620	KDB005_MCF7_144H:TRCN0000065174:-666	0	1	0	0	0	0	0	0	0	0	0	0	0
621	KDB005_PC3_144H:TRCN0000005297:-666	0	0	0	0	0	0	1	0	0	0	0	0	0
622	KDB005_PC3_144H:TRCN0000006273:-666	0	0	0	0	0	0	1	0	0	0	0	0	0
623	KDB005_VCAP_120H:TRCN0000005297:-666	0	0	0	0	0	0	0	0	0	0	0	0	1
624	KDB005_VCAP_120H:TRCN0000006270:-666	0	0	0	0	0	0	0	0	0	0	0	0	1
625	KDB005_VCAP_120H:TRCN0000006636:-666	0	0	0	0	0	0	0	0	0	0	0	0	1
626	KDB005_VCAP_120H:TRCN0000018214:-666	0	0	0	0	0	0	0	0	0	0	0	0	1
627	KDB005_VCAP_120H:TRCN0000050967:-666	0	0	0	0	0	0	0	0	0	0	0	0	1
628	KDB005_VCAP_120H:TRCN0000065176:-666	0	0	0	0	0	0	0	0	0	0	0	0	1
629	KDB006_A375_96H:TRCN0000000692:-666	0	0	0	0	0	0	0	0	0	0	1	0	0
630	KDB006_A375_96H:TRCN0000004007:-666	0	0	0	0	0	0	0	0	0	0	1	0	0
631	KDB006_A375_96H:TRCN0000004337:-666	0	0	0	0	0	0	0	0	0	0	1	0	0
632	KDB006_A375_96H:TRCN0000005987:-666	0	0	0	0	0	0	0	0	0	0	1	0	0
633	KDB006_A375_96H:TRCN0000008681:-666	0	0	0	0	0	0	0	0	0	0	1	0	0
634	KDB006_A375_96H:TRCN0000008791:-666	0	0	0	0	0	0	0	0	0	0	1	0	0
635	KDB006_A375_96H:TRCN0000013464:-666	0	0	0	0	0	0	0	0	0	0	1	0	0
636	KDB006_A375_96H:TRCN0000013793:-666	0	0	0	0	0	0	0	0	0	0	1	0	0
637	KDB006_A375_96H:TRCN0000017274:-666	0	0	0	0	0	0	0	0	0	0	1	0	0
638	KDB006_A375_96H:TRCN0000029144:-666	0	0	0	0	0	0	0	0	0	0	1	0	0
639	KDB006_A375_96H:TRCN0000039619:-666	0	0	0	0	0	0	0	0	0	0	1	0	0
640	KDB006_A375_96H:TRCN0000047486:-666	0	0	0	0	0	0	0	0	0	0	1	0	0
641	KDB006_A375_96H:TRCN0000056270:-666	0	0	0	0	0	0	0	0	0	0	1	0	0
642	KDB006_A375_96H:TRCN0000057830:-666	0	0	0	0	0	0	0	0	0	0	1	0	0
643	KDB006_A375_96H:TRCN0000061797:-666	0	0	0	0	0	0	0	0	0	0	1	0	0
644	KDB006_A375_96H:TRCN0000064735:-666	0	0	0	0	0	0	0	0	0	0	1	0	0
645	KDB006_A375_96H:TRCN0000083993:-666	0	0	0	0	0	0	0	0	0	0	1	0	0
646	KDB006_A375_96H:TRCN0000116568:-666	0	0	0	0	0	0	0	0	0	0	1	0	0
647	KDB006_A549_96H:TRCN0000004006:-666	0	0	0	1	0	0	0	0	0	0	0	0	0
648	KDB006_A549_96H:TRCN0000004337:-666	0	0	0	1	0	0	0	0	0	0	0	0	0
649	KDB006_A549_96H:TRCN0000008684:-666	0	0	0	1	0	0	0	0	0	0	0	0	0
650	KDB006_A549_96H:TRCN0000008794:-666	0	0	0	1	0	0	0	0	0	0	0	0	0
651	KDB006_A549_96H:TRCN0000013464:-666	0	0	0	1	0	0	0	0	0	0	0	0	0
652	KDB006_A549_96H:TRCN0000017274:-666	0	0	0	1	0	0	0	0	0	0	0	0	0
653	KDB006_A549_96H:TRCN0000018916:-666	0	0	0	1	0	0	0	0	0	0	0	0	0
654	KDB006_A549_96H:TRCN0000029148:-666	0	0	0	1	0	0	0	0	0	0	0	0	0
655	KDB006_A549_96H:TRCN0000047487:-666	0	0	0	1	0	0	0	0	0	0	0	0	0
656	KDB006_A549_96H:TRCN0000056269:-666	0	0	0	1	0	0	0	0	0	0	0	0	0
657	KDB006_A549_96H:TRCN0000064735:-666	0	0	0	1	0	0	0	0	0	0	0	0	0
658	KDB006_A549_96H:TRCN0000083993:-666	0	0	0	1	0	0	0	0	0	0	0	0	0
659	KDB006_HA1E_96H:TRCN0000018916:-666	0	0	0	0	1	0	0	0	0	0	0	0	0
660	KDB006_HA1E_96H:TRCN0000039619:-666	0	0	0	0	1	0	0	0	0	0	0	0	0
661	KDB006_HCC515_96H:TRCN0000000613:-666	0	0	0	0	0	0	0	0	0	0	0	1	0
662	KDB006_HCC515_96H:TRCN0000000694:-666	0	0	0	0	0	0	0	0	0	0	0	1	0
663	KDB006_HCC515_96H:TRCN0000004007:-666	0	0	0	0	0	0	0	0	0	0	0	1	0
664	KDB006_HCC515_96H:TRCN0000004337:-666	0	0	0	0	0	0	0	0	0	0	0	1	0
665	KDB006_HCC515_96H:TRCN0000008682:-666	0	0	0	0	0	0	0	0	0	0	0	1	0
666	KDB006_HCC515_96H:TRCN0000018917:-666	0	0	0	0	0	0	0	0	0	0	0	1	0
667	KDB006_HCC515_96H:TRCN0000047483:-666	0	0	0	0	0	0	0	0	0	0	0	1	0
668	KDB006_HCC515_96H:TRCN0000083993:-666	0	0	0	0	0	0	0	0	0	0	0	1	0
669	KDB006_HEPG2_96H:TRCN0000000692:-666	0	0	0	0	0	0	0	0	1	0	0	0	0
670	KDB006_HEPG2_96H:TRCN0000004341:-666	0	0	0	0	0	0	0	0	1	0	0	0	0
671	KDB006_HEPG2_96H:TRCN0000004842:-666	0	0	0	0	0	0	0	0	1	0	0	0	0
672	KDB006_HEPG2_96H:TRCN0000008684:-666	0	0	0	0	0	0	0	0	1	0	0	0	0
673	KDB006_HEPG2_96H:TRCN0000008791:-666	0	0	0	0	0	0	0	0	1	0	0	0	0
674	KDB006_HEPG2_96H:TRCN0000013467:-666	0	0	0	0	0	0	0	0	1	0	0	0	0
675	KDB006_HEPG2_96H:TRCN0000017273:-666	0	0	0	0	0	0	0	0	1	0	0	0	0
676	KDB006_HEPG2_96H:TRCN0000029148:-666	0	0	0	0	0	0	0	0	1	0	0	0	0
677	KDB006_HEPG2_96H:TRCN0000039797:-666	0	0	0	0	0	0	0	0	1	0	0	0	0
678	KDB006_HEPG2_96H:TRCN0000064733:-666	0	0	0	0	0	0	0	0	1	0	0	0	0
679	KDB006_HEPG2_96H:TRCN0000083995:-666	0	0	0	0	0	0	0	0	1	0	0	0	0
680	KDB006_HT29_96H:TRCN0000004337:-666	1	0	0	0	0	0	0	0	0	0	0	0	0
681	KDB006_HT29_96H:TRCN0000004842:-666	1	0	0	0	0	0	0	0	0	0	0	0	0
682	KDB006_HT29_96H:TRCN0000005987:-666	1	0	0	0	0	0	0	0	0	0	0	0	0
683	KDB006_HT29_96H:TRCN0000010507:-666	1	0	0	0	0	0	0	0	0	0	0	0	0
684	KDB006_HT29_96H:TRCN0000013794:-666	1	0	0	0	0	0	0	0	0	0	0	0	0
685	KDB006_HT29_96H:TRCN0000017273:-666	1	0	0	0	0	0	0	0	0	0	0	0	0
686	KDB006_HT29_96H:TRCN0000029148:-666	1	0	0	0	0	0	0	0	0	0	0	0	0
687	KDB006_HT29_96H:TRCN0000035710:-666	1	0	0	0	0	0	0	0	0	0	0	0	0
688	KDB006_HT29_96H:TRCN0000047487:-666	1	0	0	0	0	0	0	0	0	0	0	0	0
689	KDB006_HT29_96H:TRCN0000056269:-666	1	0	0	0	0	0	0	0	0	0	0	0	0
690	KDB006_HT29_96H:TRCN0000064735:-666	1	0	0	0	0	0	0	0	0	0	0	0	0
691	KDB006_VCAP_120H:TRCN0000004337:-666	0	0	0	0	0	0	0	0	0	0	0	0	1
692	KDB006_VCAP_120H:TRCN0000029144:-666	0	0	0	0	0	0	0	0	0	0	0	0	1
693	KDB006_VCAP_120H:TRCN0000039619:-666	0	0	0	0	0	0	0	0	0	0	0	0	1
694	KDB007_A375_96H:TRCN0000000649:-666	0	0	0	0	0	0	0	0	0	0	1	0	0
695	KDB007_A375_96H:TRCN0000000683:-666	0	0	0	0	0	0	0	0	0	0	1	0	0
696	KDB007_A375_96H:TRCN0000002831:-666	0	0	0	0	0	0	0	0	0	0	1	0	0
697	KDB007_A375_96H:TRCN0000002855:-666	0	0	0	0	0	0	0	0	0	0	1	0	0
698	KDB007_A375_96H:TRCN0000006157:-666	0	0	0	0	0	0	0	0	0	0	1	0	0
699	KDB007_A375_96H:TRCN0000007230:-666	0	0	0	0	0	0	0	0	0	0	1	0	0
700	KDB007_A375_96H:TRCN0000007310:-666	0	0	0	0	0	0	0	0	0	0	1	0	0
701	KDB007_A375_96H:TRCN0000019703:-666	0	0	0	0	0	0	0	0	0	0	1	0	0
702	KDB007_A375_96H:TRCN0000037871:-666	0	0	0	0	0	0	0	0	0	0	1	0	0
703	KDB007_A375_96H:TRCN0000043336:-666	0	0	0	0	0	0	0	0	0	0	1	0	0
704	KDB007_A375_96H:TRCN0000055526:-666	0	0	0	0	0	0	0	0	0	0	1	0	0
705	KDB007_A375_96H:TRCN0000061754:-666	0	0	0	0	0	0	0	0	0	0	1	0	0
706	KDB007_A375_96H:TRCN0000115981:-666	0	0	0	0	0	0	0	0	0	0	1	0	0
707	KDB007_A549_96H:TRCN0000000646:-666	0	0	0	1	0	0	0	0	0	0	0	0	0
708	KDB007_A549_96H:TRCN0000001372:-666	0	0	0	1	0	0	0	0	0	0	0	0	0
709	KDB007_A549_96H:TRCN0000002831:-666	0	0	0	1	0	0	0	0	0	0	0	0	0
710	KDB007_A549_96H:TRCN0000004266:-666	0	0	0	1	0	0	0	0	0	0	0	0	0
711	KDB007_A549_96H:TRCN0000006154:-666	0	0	0	1	0	0	0	0	0	0	0	0	0
712	KDB007_A549_96H:TRCN0000013362:-666	0	0	0	1	0	0	0	0	0	0	0	0	0
713	KDB007_A549_96H:TRCN0000033458:-666	0	0	0	1	0	0	0	0	0	0	0	0	0
714	KDB007_A549_96H:TRCN0000043333:-666	0	0	0	1	0	0	0	0	0	0	0	0	0
715	KDB007_A549_96H:TRCN0000115979:-666	0	0	0	1	0	0	0	0	0	0	0	0	0
716	KDB007_HA1E_96H:TRCN0000115979:-666	0	0	0	0	1	0	0	0	0	0	0	0	0
717	KDB007_HCC515_96H:TRCN0000002831:-666	0	0	0	0	0	0	0	0	0	0	0	1	0
718	KDB007_HCC515_96H:TRCN0000004265:-666	0	0	0	0	0	0	0	0	0	0	0	1	0
719	KDB007_HCC515_96H:TRCN0000057060:-666	0	0	0	0	0	0	0	0	0	0	0	1	0
720	KDB007_HEPG2_96H:TRCN0000000684:-666	0	0	0	0	0	0	0	0	1	0	0	0	0
721	KDB007_HEPG2_96H:TRCN0000002855:-666	0	0	0	0	0	0	0	0	1	0	0	0	0
722	KDB007_HEPG2_96H:TRCN0000061756:-666	0	0	0	0	0	0	0	0	1	0	0	0	0
723	KDB007_HEPG2_96H:TRCN0000115978:-666	0	0	0	0	0	0	0	0	1	0	0	0	0
724	KDB007_HT29_96H:TRCN0000002831:-666	1	0	0	0	0	0	0	0	0	0	0	0	0
725	KDB007_HT29_96H:TRCN0000115981:-666	1	0	0	0	0	0	0	0	0	0	0	0	0
726	KDB007_MCF7_144H:TRCN0000043334:-666	0	1	0	0	0	0	0	0	0	0	0	0	0
727	KDB007_MCF7_144H:TRCN0000055527:-666	0	1	0	0	0	0	0	0	0	0	0	0	0
728	KDB007_MCF7_144H:TRCN0000115979:-666	0	1	0	0	0	0	0	0	0	0	0	0	0
729	KDB007_PC3_144H:TRCN0000002831:-666	0	0	0	0	0	0	1	0	0	0	0	0	0
730	KDB008_A375_96H:TRCN0000001466:-666	0	0	0	0	0	0	0	0	0	0	1	0	0
731	KDB008_A375_96H:TRCN0000001735:-666	0	0	0	0	0	0	0	0	0	0	1	0	0
732	KDB008_A375_96H:TRCN0000004058:-666	0	0	0	0	0	0	0	0	0	0	1	0	0
733	KDB008_A375_96H:TRCN0000006675:-666	0	0	0	0	0	0	0	0	0	0	1	0	0
734	KDB008_A375_96H:TRCN0000007830:-666	0	0	0	0	0	0	0	0	0	0	1	0	0
735	KDB008_A375_96H:TRCN0000008719:-666	0	0	0	0	0	0	0	0	0	0	1	0	0
736	KDB008_A375_96H:TRCN0000010106:-666	0	0	0	0	0	0	0	0	0	0	1	0	0
737	KDB008_A375_96H:TRCN0000018865:-666	0	0	0	0	0	0	0	0	0	0	1	0	0
738	KDB008_A375_96H:TRCN0000033551:-666	0	0	0	0	0	0	0	0	0	0	1	0	0
739	KDB008_A375_96H:TRCN0000038697:-666	0	0	0	0	0	0	0	0	0	0	1	0	0
740	KDB008_A375_96H:TRCN0000040275:-666	0	0	0	0	0	0	0	0	0	0	1	0	0
741	KDB008_A375_96H:TRCN0000047763:-666	0	0	0	0	0	0	0	0	0	0	1	0	0
742	KDB008_A375_96H:TRCN0000057355:-666	0	0	0	0	0	0	0	0	0	0	1	0	0
743	KDB008_A375_96H:TRCN0000059160:-666	0	0	0	0	0	0	0	0	0	0	1	0	0
744	KDB008_A375_96H:TRCN0000062553:-666	0	0	0	0	0	0	0	0	0	0	1	0	0
745	KDB008_A375_96H:TRCN0000065024:-666	0	0	0	0	0	0	0	0	0	0	1	0	0
746	KDB008_A375_96H:TRCN0000083417:-666	0	0	0	0	0	0	0	0	0	0	1	0	0
747	KDB008_HA1E_96H:TRCN0000004057:-666	0	0	0	0	1	0	0	0	0	0	0	0	0
748	KDB008_HA1E_96H:TRCN0000047765:-666	0	0	0	0	1	0	0	0	0	0	0	0	0
749	KDB008_HA1E_96H:TRCN0000065027:-666	0	0	0	0	1	0	0	0	0	0	0	0	0
750	KDB008_HCC515_96H:TRCN0000007830:-666	0	0	0	0	0	0	0	0	0	0	0	1	0
751	KDB008_HCC515_96H:TRCN0000008720:-666	0	0	0	0	0	0	0	0	0	0	0	1	0
752	KDB008_HCC515_96H:TRCN0000033553:-666	0	0	0	0	0	0	0	0	0	0	0	1	0
753	KDB008_HEPG2_96H:TRCN0000001466:-666	0	0	0	0	0	0	0	0	1	0	0	0	0
754	KDB008_HEPG2_96H:TRCN0000001735:-666	0	0	0	0	0	0	0	0	1	0	0	0	0
755	KDB008_HEPG2_96H:TRCN0000003137:-666	0	0	0	0	0	0	0	0	1	0	0	0	0
756	KDB008_HEPG2_96H:TRCN0000004058:-666	0	0	0	0	0	0	0	0	1	0	0	0	0
757	KDB008_HEPG2_96H:TRCN0000006675:-666	0	0	0	0	0	0	0	0	1	0	0	0	0
758	KDB008_HEPG2_96H:TRCN0000007833:-666	0	0	0	0	0	0	0	0	1	0	0	0	0
759	KDB008_HEPG2_96H:TRCN0000007991:-666	0	0	0	0	0	0	0	0	1	0	0	0	0
760	KDB008_HEPG2_96H:TRCN0000013696:-666	0	0	0	0	0	0	0	0	1	0	0	0	0
761	KDB008_HEPG2_96H:TRCN0000018866:-666	0	0	0	0	0	0	0	0	1	0	0	0	0
762	KDB008_HEPG2_96H:TRCN0000033553:-666	0	0	0	0	0	0	0	0	1	0	0	0	0
763	KDB008_HEPG2_96H:TRCN0000047766:-666	0	0	0	0	0	0	0	0	1	0	0	0	0
764	KDB008_HEPG2_96H:TRCN0000057355:-666	0	0	0	0	0	0	0	0	1	0	0	0	0
765	KDB008_HEPG2_96H:TRCN0000059135:-666	0	0	0	0	0	0	0	0	1	0	0	0	0
766	KDB008_HEPG2_96H:TRCN0000062555:-666	0	0	0	0	0	0	0	0	1	0	0	0	0
767	KDB008_HEPG2_96H:TRCN0000062709:-666	0	0	0	0	0	0	0	0	1	0	0	0	0
768	KDB008_HEPG2_96H:TRCN0000065024:-666	0	0	0	0	0	0	0	0	1	0	0	0	0
769	KDB008_HT29_96H:TRCN0000000828:-666	1	0	0	0	0	0	0	0	0	0	0	0	0
770	KDB008_HT29_96H:TRCN0000001733:-666	1	0	0	0	0	0	0	0	0	0	0	0	0
771	KDB008_HT29_96H:TRCN0000006675:-666	1	0	0	0	0	0	0	0	0	0	0	0	0
772	KDB008_HT29_96H:TRCN0000008720:-666	1	0	0	0	0	0	0	0	0	0	0	0	0
773	KDB008_HT29_96H:TRCN0000033551:-666	1	0	0	0	0	0	0	0	0	0	0	0	0
774	KDB008_HT29_96H:TRCN0000047763:-666	1	0	0	0	0	0	0	0	0	0	0	0	0
775	KDB008_HT29_96H:TRCN0000059137:-666	1	0	0	0	0	0	0	0	0	0	0	0	0
776	KDB008_PC3_144H:TRCN0000000828:-666	0	0	0	0	0	0	1	0	0	0	0	0	0
777	KDB009_A549_96H:TRCN0000002877:-666	0	0	0	1	0	0	0	0	0	0	0	0	0
778	KDB009_A549_96H:TRCN0000007294:-666	0	0	0	1	0	0	0	0	0	0	0	0	0
779	KDB009_A549_96H:TRCN0000017946:-666	0	0	0	1	0	0	0	0	0	0	0	0	0
780	KDB009_A549_96H:TRCN0000019597:-666	0	0	0	1	0	0	0	0	0	0	0	0	0
781	KDB009_A549_96H:TRCN0000036461:-666	0	0	0	1	0	0	0	0	0	0	0	0	0
782	KDB009_A549_96H:TRCN0000037405:-666	0	0	0	1	0	0	0	0	0	0	0	0	0
783	KDB009_A549_96H:TRCN0000061975:-666	0	0	0	1	0	0	0	0	0	0	0	0	0
784	KDB009_HEPG2_96H:TRCN0000001036:-666	0	0	0	0	0	0	0	0	1	0	0	0	0
785	KDB009_HEPG2_96H:TRCN0000003144:-666	0	0	0	0	0	0	0	0	1	0	0	0	0
786	KDB009_HEPG2_96H:TRCN0000005698:-666	0	0	0	0	0	0	0	0	1	0	0	0	0
787	KDB009_HEPG2_96H:TRCN0000007294:-666	0	0	0	0	0	0	0	0	1	0	0	0	0
788	KDB009_HEPG2_96H:TRCN0000017947:-666	0	0	0	0	0	0	0	0	1	0	0	0	0
789	KDB009_HEPG2_96H:TRCN0000018989:-666	0	0	0	0	0	0	0	0	1	0	0	0	0
790	KDB009_HEPG2_96H:TRCN0000040132:-666	0	0	0	0	0	0	0	0	1	0	0	0	0
791	KDB009_HEPG2_96H:TRCN0000049747:-666	0	0	0	0	0	0	0	0	1	0	0	0	0
792	KDB009_HEPG2_96H:TRCN0000057543:-666	0	0	0	0	0	0	0	0	1	0	0	0	0
793	KDB009_HEPG2_96H:TRCN0000065134:-666	0	0	0	0	0	0	0	0	1	0	0	0	0
794	KDB009_HT29_96H:TRCN0000017944:-666	1	0	0	0	0	0	0	0	0	0	0	0	0
795	KDB009_HT29_96H:TRCN0000049747:-666	1	0	0	0	0	0	0	0	0	0	0	0	0
796	KDB009_PC3_144H:TRCN0000005700:-666	0	0	0	0	0	0	1	0	0	0	0	0	0
797	KDB009_PC3_144H:TRCN0000007292:-666	0	0	0	0	0	0	1	0	0	0	0	0	0
798	KDB009_VCAP_120H:TRCN0000007292:-666	0	0	0	0	0	0	0	0	0	0	0	0	1
799	KDB010_A375_96H:TRCN0000000655:-666	0	0	0	0	0	0	0	0	0	0	1	0	0
800	KDB010_A375_96H:TRCN0000007532:-666	0	0	0	0	0	0	0	0	0	0	1	0	0
801	KDB010_A375_96H:TRCN0000039565:-666	0	0	0	0	0	0	0	0	0	0	1	0	0
802	KDB010_A375_96H:TRCN0000039763:-666	0	0	0	0	0	0	0	0	0	0	1	0	0
803	KDB010_A375_96H:TRCN0000199198:-666	0	0	0	0	0	0	0	0	0	0	1	0	0
804	KDB010_A375_96H:TRCN0000218636:-666	0	0	0	0	0	0	0	0	0	0	1	0	0
805	KDB010_A375_96H:TRCN0000218962:-666	0	0	0	0	0	0	0	0	0	0	1	0	0
806	KDB010_A375_96H:TRCN0000219020:-666	0	0	0	0	0	0	0	0	0	0	1	0	0
807	KDB010_A375_96H:TRCN0000257355:-666	0	0	0	0	0	0	0	0	0	0	1	0	0
808	KDB010_A375_96H:TRCN0000286853:-666	0	0	0	0	0	0	0	0	0	0	1	0	0
809	KDB010_A375_96H:TRCN0000300442:-666	0	0	0	0	0	0	0	0	0	0	1	0	0
810	KDB010_A375_96H:TRCN0000378252:-666	0	0	0	0	0	0	0	0	0	0	1	0	0
811	KDB010_A549_96H:TRCN0000000657:-666	0	0	0	1	0	0	0	0	0	0	0	0	0
812	KDB010_A549_96H:TRCN0000010339:-666	0	0	0	1	0	0	0	0	0	0	0	0	0
813	KDB010_A549_96H:TRCN0000033257:-666	0	0	0	1	0	0	0	0	0	0	0	0	0
814	KDB010_A549_96H:TRCN0000039588:-666	0	0	0	1	0	0	0	0	0	0	0	0	0
815	KDB010_A549_96H:TRCN0000218445:-666	0	0	0	1	0	0	0	0	0	0	0	0	0
816	KDB010_A549_96H:TRCN0000218962:-666	0	0	0	1	0	0	0	0	0	0	0	0	0
817	KDB010_A549_96H:TRCN0000312579:-666	0	0	0	1	0	0	0	0	0	0	0	0	0
818	KDB010_A549_96H:TRCN0000331232:-666	0	0	0	1	0	0	0	0	0	0	0	0	0
819	KDB010_HA1E_96H:TRCN0000040110:-666	0	0	0	0	1	0	0	0	0	0	0	0	0
820	KDB010_HEPG2_96H:TRCN0000009981:-666	0	0	0	0	0	0	0	0	1	0	0	0	0
821	KDB010_HEPG2_96H:TRCN0000010339:-666	0	0	0	0	0	0	0	0	1	0	0	0	0
822	KDB010_HEPG2_96H:TRCN0000196732:-666	0	0	0	0	0	0	0	0	1	0	0	0	0
823	KDB010_HEPG2_96H:TRCN0000218445:-666	0	0	0	0	0	0	0	0	1	0	0	0	0
824	KDB010_HEPG2_96H:TRCN0000218962:-666	0	0	0	0	0	0	0	0	1	0	0	0	0
825	KDB010_HEPG2_96H:TRCN0000300442:-666	0	0	0	0	0	0	0	0	1	0	0	0	0
826	KDB010_HEPG2_96H:TRCN0000303965:-666	0	0	0	0	0	0	0	0	1	0	0	0	0
827	KDB010_HEPG2_96H:TRCN0000312579:-666	0	0	0	0	0	0	0	0	1	0	0	0	0
828	KDB010_HEPG2_96H:TRCN0000344570:-666	0	0	0	0	0	0	0	0	1	0	0	0	0
829	KDB010_HT29_96H:K01	1	0	0	0	0	0	0	0	0	0	0	0	0
830	KDB010_MCF7_144H:TRCN0000000655:-666	0	1	0	0	0	0	0	0	0	0	0	0	0
831	KDB010_MCF7_144H:TRCN0000033257:-666	0	1	0	0	0	0	0	0	0	0	0	0	0
832	KDB010_MCF7_144H:TRCN0000231131:-666	0	1	0	0	0	0	0	0	0	0	0	0	0
833	KDB010_MCF7_144H:TRCN0000257355:-666	0	1	0	0	0	0	0	0	0	0	0	0	0
834	KDB010_MCF7_144H:TRCN0000338165:-666	0	1	0	0	0	0	0	0	0	0	0	0	0
835	KDB010_MCF7_144H:TRCN0000344570:-666	0	1	0	0	0	0	0	0	0	0	0	0	0
836	KDB010_PC3_144H:TRCN0000000657:-666	0	0	0	0	0	0	1	0	0	0	0	0	0
837	KDB010_PC3_144H:TRCN0000231945:-666	0	0	0	0	0	0	1	0	0	0	0	0	0
838	KDB010_PC3_144H:TRCN0000300442:-666	0	0	0	0	0	0	1	0	0	0	0	0	0
839	KDB010_VCAP_120H:TRCN0000040110:-666	0	0	0	0	0	0	0	0	0	0	0	0	1
840	KDB010_VCAP_120H:TRCN0000218962:-666	0	0	0	0	0	0	0	0	0	0	0	0	1
841	KDC001_HA1E_96H:TRCN0000015873:-666	0	0	0	0	1	0	0	0	0	0	0	0	0
842	KDC001_HA1E_96H:TRCN0000039675:-666	0	0	0	0	1	0	0	0	0	0	0	0	0
843	KDC001_HEPG2_96H:TRCN0000033470:-666	0	0	0	0	0	0	0	0	1	0	0	0	0
844	KDC001_HEPG2_96H:TRCN0000059304:-666	0	0	0	0	0	0	0	0	1	0	0	0	0
845	KDC001_HT29_96H:TRCN0000000874:-666	1	0	0	0	0	0	0	0	0	0	0	0	0
846	KDC001_HT29_96H:TRCN0000033469:-666	1	0	0	0	0	0	0	0	0	0	0	0	0
847	KDC001_HT29_96H:TRCN0000033524:-666	1	0	0	0	0	0	0	0	0	0	0	0	0
848	KDC001_PC3_96H:TRCN0000000258:-666	0	0	0	0	0	0	1	0	0	0	0	0	0
849	KDC001_PC3_96H:TRCN0000000730:-666	0	0	0	0	0	0	1	0	0	0	0	0	0
850	KDC001_PC3_96H:TRCN0000005116:-666	0	0	0	0	0	0	1	0	0	0	0	0	0
851	KDC001_PC3_96H:TRCN0000019511:-666	0	0	0	0	0	0	1	0	0	0	0	0	0
852	KDC001_PC3_96H:TRCN0000021966:-666	0	0	0	0	0	0	1	0	0	0	0	0	0
853	KDC001_PC3_96H:TRCN0000045253:-666	0	0	0	0	0	0	1	0	0	0	0	0	0
854	KDC001_PC3_96H:TRCN0000074641:-666	0	0	0	0	0	0	1	0	0	0	0	0	0
855	KDC001_VCAP_120H:TRCN0000002762:-666	0	0	0	0	0	0	0	0	0	0	0	0	1
856	KDC001_VCAP_120H:TRCN0000005116:-666	0	0	0	0	0	0	0	0	0	0	0	0	1
857	KDC001_VCAP_120H:TRCN0000007229:-666	0	0	0	0	0	0	0	0	0	0	0	0	1
858	KDC001_VCAP_120H:TRCN0000033525:-666	0	0	0	0	0	0	0	0	0	0	0	0	1
859	KDC002_HA1E_96H:TRCN0000051563:-666	0	0	0	0	1	0	0	0	0	0	0	0	0
860	KDC002_HA1E_96H:TRCN0000073074:-666	0	0	0	0	1	0	0	0	0	0	0	0	0
861	KDC002_HA1E_96H:TRCN0000218685:-666	0	0	0	0	1	0	0	0	0	0	0	0	0
862	KDC002_HT29_96H:TRCN0000000363:-666	1	0	0	0	0	0	0	0	0	0	0	0	0
863	KDC002_HT29_96H:TRCN0000003111:-666	1	0	0	0	0	0	0	0	0	0	0	0	0
864	KDC002_HT29_96H:TRCN0000014063:-666	1	0	0	0	0	0	0	0	0	0	0	0	0
865	KDC002_HT29_96H:TRCN0000107582:-666	1	0	0	0	0	0	0	0	0	0	0	0	0
866	KDC002_MCF7_96H:TRCN0000003343:-666	0	1	0	0	0	0	0	0	0	0	0	0	0
867	KDC002_MCF7_96H:TRCN0000006355:-666	0	1	0	0	0	0	0	0	0	0	0	0	0
868	KDC002_PC3_96H:M21	0	0	0	0	0	0	1	0	0	0	0	0	0
869	KDC002_PC3_96H:M23	0	0	0	0	0	0	1	0	0	0	0	0	0
870	KDC002_PC3_96H:TRCN0000006352:-666	0	0	0	0	0	0	1	0	0	0	0	0	0
871	KDC002_PC3_96H:TRCN0000218210:-666	0	0	0	0	0	0	1	0	0	0	0	0	0
872	KDC002_VCAP_120H:H05	0	0	0	0	0	0	0	0	0	0	0	0	1
873	KDC002_VCAP_120H:TRCN0000000363:-666	0	0	0	0	0	0	0	0	0	0	0	0	1
874	KDC002_VCAP_120H:TRCN0000007224:-666	0	0	0	0	0	0	0	0	0	0	0	0	1
875	KDC003_A375_96H:TRCN0000006279:-666	0	0	0	0	0	0	0	0	0	0	1	0	0
876	KDC003_A375_96H:TRCN0000006770:-666	0	0	0	0	0	0	0	0	0	0	1	0	0
877	KDC003_A375_96H:TRCN0000007847:-666	0	0	0	0	0	0	0	0	0	0	1	0	0
878	KDC003_A375_96H:TRCN0000008344:-666	0	0	0	0	0	0	0	0	0	0	1	0	0
879	KDC003_A375_96H:TRCN0000057941:-666	0	0	0	0	0	0	0	0	0	0	1	0	0
880	KDC003_HEPG2_96H:TRCN0000057940:-666	0	0	0	0	0	0	0	0	1	0	0	0	0
881	KDC003_HEPG2_96H:TRCN0000073572:-666	0	0	0	0	0	0	0	0	1	0	0	0	0
882	KDC003_HEPG2_96H:TRCN0000255853:-666	0	0	0	0	0	0	0	0	1	0	0	0	0
883	KDC003_HT29_96H:TRCN0000008344:-666	1	0	0	0	0	0	0	0	0	0	0	0	0
884	KDC003_HT29_96H:TRCN0000017856:-666	1	0	0	0	0	0	0	0	0	0	0	0	0
885	KDC003_HT29_96H:TRCN0000034220:-666	1	0	0	0	0	0	0	0	0	0	0	0	0
886	KDC003_HT29_96H:TRCN0000055480:-666	1	0	0	0	0	0	0	0	0	0	0	0	0
887	KDC003_MCF7_96H:TRCN0000017856:-666	0	1	0	0	0	0	0	0	0	0	0	0	0
888	KDC003_MCF7_96H:TRCN0000019719:-666	0	1	0	0	0	0	0	0	0	0	0	0	0
889	KDC003_MCF7_96H:TRCN0000055482:-666	0	1	0	0	0	0	0	0	0	0	0	0	0
890	KDC003_MCF7_96H:TRCN0000056698:-666	0	1	0	0	0	0	0	0	0	0	0	0	0
891	KDC003_MCF7_96H:TRCN0000073568:-666	0	1	0	0	0	0	0	0	0	0	0	0	0
892	KDC003_PC3_96H:TRCN0000008344:-666	0	0	0	0	0	0	1	0	0	0	0	0	0
893	KDC003_PC3_96H:TRCN0000018295:-666	0	0	0	0	0	0	1	0	0	0	0	0	0
894	KDC003_PC3_96H:TRCN0000051526:-666	0	0	0	0	0	0	1	0	0	0	0	0	0
895	KDC003_VCAP_120H:F22	0	0	0	0	0	0	0	0	0	0	0	0	1
896	KDC003_VCAP_120H:TRCN0000007847:-666	0	0	0	0	0	0	0	0	0	0	0	0	1
897	KDC003_VCAP_120H:TRCN0000008344:-666	0	0	0	0	0	0	0	0	0	0	0	0	1
898	KDC004_A375_96H:TRCN0000047630:-666	0	0	0	0	0	0	0	0	0	0	1	0	0
899	KDC004_A549_96H:M01	0	0	0	1	0	0	0	0	0	0	0	0	0
900	KDC004_A549_96H:TRCN0000006655:-666	0	0	0	1	0	0	0	0	0	0	0	0	0
901	KDC004_HA1E_96H:TRCN0000006886:-666	0	0	0	0	1	0	0	0	0	0	0	0	0
902	KDC004_HA1E_96H:TRCN0000074794:-666	0	0	0	0	1	0	0	0	0	0	0	0	0
903	KDC004_HEPG2_96H:TRCN0000047630:-666	0	0	0	0	0	0	0	0	1	0	0	0	0
904	KDC004_HEPG2_96H:TRCN0000082856:-666	0	0	0	0	0	0	0	0	1	0	0	0	0
905	KDC004_HEPG2_96H:TRCN0000314641:-666	0	0	0	0	0	0	0	0	1	0	0	0	0
906	KDC004_HT29_96H:TRCN0000006887:-666	1	0	0	0	0	0	0	0	0	0	0	0	0
907	KDC004_HT29_96H:TRCN0000020190:-666	1	0	0	0	0	0	0	0	0	0	0	0	0
908	KDC004_HT29_96H:TRCN0000047629:-666	1	0	0	0	0	0	0	0	0	0	0	0	0
909	KDC004_HT29_96H:TRCN0000058696:-666	1	0	0	0	0	0	0	0	0	0	0	0	0
910	KDC004_HT29_96H:TRCN0000074794:-666	1	0	0	0	0	0	0	0	0	0	0	0	0
911	KDC004_MCF7_96H:TRCN0000011052:-666	0	1	0	0	0	0	0	0	0	0	0	0	0
912	KDC004_PC3_96H:TRCN0000000235:-666	0	0	0	0	0	0	1	0	0	0	0	0	0
913	KDC004_PC3_96H:TRCN0000001999:-666	0	0	0	0	0	0	1	0	0	0	0	0	0
914	KDC004_PC3_96H:TRCN0000002089:-666	0	0	0	0	0	0	1	0	0	0	0	0	0
915	KDC004_PC3_96H:TRCN0000006426:-666	0	0	0	0	0	0	1	0	0	0	0	0	0
916	KDC004_PC3_96H:TRCN0000006512:-666	0	0	0	0	0	0	1	0	0	0	0	0	0
917	KDC004_PC3_96H:TRCN0000011052:-666	0	0	0	0	0	0	1	0	0	0	0	0	0
918	KDC004_PC3_96H:TRCN0000020190:-666	0	0	0	0	0	0	1	0	0	0	0	0	0
919	KDC004_PC3_96H:TRCN0000020405:-666	0	0	0	0	0	0	1	0	0	0	0	0	0
920	KDC004_PC3_96H:TRCN0000047596:-666	0	0	0	0	0	0	1	0	0	0	0	0	0
921	KDC004_PC3_96H:TRCN0000047630:-666	0	0	0	0	0	0	1	0	0	0	0	0	0
922	KDC004_PC3_96H:TRCN0000062343:-666	0	0	0	0	0	0	1	0	0	0	0	0	0
923	KDC004_PC3_96H:TRCN0000082855:-666	0	0	0	0	0	0	1	0	0	0	0	0	0
924	KDC004_VCAP_120H:F04	0	0	0	0	0	0	0	0	0	0	0	0	1
925	KDC004_VCAP_120H:H18	0	0	0	0	0	0	0	0	0	0	0	0	1
926	KDC004_VCAP_120H:J21	0	0	0	0	0	0	0	0	0	0	0	0	1
927	KDC004_VCAP_120H:TRCN0000002088:-666	0	0	0	0	0	0	0	0	0	0	0	0	1
928	KDC004_VCAP_120H:TRCN0000006426:-666	0	0	0	0	0	0	0	0	0	0	0	0	1
929	KDC004_VCAP_120H:TRCN0000047630:-666	0	0	0	0	0	0	0	0	0	0	0	0	1
930	KDC005_A549_96H:F24	0	0	0	1	0	0	0	0	0	0	0	0	0
931	KDC005_A549_96H:H22	0	0	0	1	0	0	0	0	0	0	0	0	0
932	KDC005_HA1E_96H:TRCN0000008756:-666	0	0	0	0	1	0	0	0	0	0	0	0	0
933	KDC005_HA1E_96H:TRCN0000018556:-666	0	0	0	0	1	0	0	0	0	0	0	0	0
934	KDC005_HA1E_96H:TRCN0000078123:-666	0	0	0	0	1	0	0	0	0	0	0	0	0
935	KDC005_HT29_96H:TRCN0000000936:-666	1	0	0	0	0	0	0	0	0	0	0	0	0
936	KDC005_HT29_96H:TRCN0000006707:-666	1	0	0	0	0	0	0	0	0	0	0	0	0
937	KDC005_HT29_96H:TRCN0000008148:-666	1	0	0	0	0	0	0	0	0	0	0	0	0
938	KDC005_HT29_96H:TRCN0000008756:-666	1	0	0	0	0	0	0	0	0	0	0	0	0
939	KDC005_HT29_96H:TRCN0000018556:-666	1	0	0	0	0	0	0	0	0	0	0	0	0
940	KDC005_HT29_96H:TRCN0000020664:-666	1	0	0	0	0	0	0	0	0	0	0	0	0
941	KDC005_HT29_96H:TRCN0000029630:-666	1	0	0	0	0	0	0	0	0	0	0	0	0
942	KDC005_MCF7_96H:TRCN0000008331:-666	0	1	0	0	0	0	0	0	0	0	0	0	0
943	KDC005_MCF7_96H:TRCN0000018556:-666	0	1	0	0	0	0	0	0	0	0	0	0	0
944	KDC005_MCF7_96H:TRCN0000061837:-666	0	1	0	0	0	0	0	0	0	0	0	0	0
945	KDC005_MCF7_96H:TRCN0000320945:-666	0	1	0	0	0	0	0	0	0	0	0	0	0
946	KDC005_PC3_96H:TRCN0000018556:-666	0	0	0	0	0	0	1	0	0	0	0	0	0
947	KDC005_PC3_96H:TRCN0000020665:-666	0	0	0	0	0	0	1	0	0	0	0	0	0
948	KDC005_PC3_96H:TRCN0000058297:-666	0	0	0	0	0	0	1	0	0	0	0	0	0
949	KDC005_VCAP_120H:E24	0	0	0	0	0	0	0	0	0	0	0	0	1
950	KDC005_VCAP_120H:TRCN0000000935:-666	0	0	0	0	0	0	0	0	0	0	0	0	1
951	KDC005_VCAP_120H:TRCN0000015814:-666	0	0	0	0	0	0	0	0	0	0	0	0	1
952	KDC005_VCAP_120H:TRCN0000058462:-666	0	0	0	0	0	0	0	0	0	0	0	0	1
953	KDC005_VCAP_120H:TRCN0000320945:-666	0	0	0	0	0	0	0	0	0	0	0	0	1
954	KDC006_A375_96H:TRCN0000000602:-666	0	0	0	0	0	0	0	0	0	0	1	0	0
955	KDC006_A375_96H:TRCN0000003780:-666	0	0	0	0	0	0	0	0	0	0	1	0	0
956	KDC006_A375_96H:TRCN0000004841:-666	0	0	0	0	0	0	0	0	0	0	1	0	0
957	KDC006_A375_96H:TRCN0000018915:-666	0	0	0	0	0	0	0	0	0	0	1	0	0
958	KDC006_A375_96H:TRCN0000029204:-666	0	0	0	0	0	0	0	0	0	0	1	0	0
959	KDC006_A375_96H:TRCN0000045014:-666	0	0	0	0	0	0	0	0	0	0	1	0	0
960	KDC006_A375_96H:TRCN0000058196:-666	0	0	0	0	0	0	0	0	0	0	1	0	0
961	KDC006_HA1E_96H:TRCN0000009966:-666	0	0	0	0	1	0	0	0	0	0	0	0	0
962	KDC006_HA1E_96H:TRCN0000047928:-666	0	0	0	0	1	0	0	0	0	0	0	0	0
963	KDC006_HEPG2_96H:TRCN0000000602:-666	0	0	0	0	0	0	0	0	1	0	0	0	0
964	KDC006_MCF7_96H:TRCN0000002169:-666	0	1	0	0	0	0	0	0	0	0	0	0	0
965	KDC006_MCF7_96H:TRCN0000003780:-666	0	1	0	0	0	0	0	0	0	0	0	0	0
966	KDC006_MCF7_96H:TRCN0000009957:-666	0	1	0	0	0	0	0	0	0	0	0	0	0
967	KDC006_MCF7_96H:TRCN0000038886:-666	0	1	0	0	0	0	0	0	0	0	0	0	0
968	KDC007_MCF7_96H:TRCN0000005947:-666	0	1	0	0	0	0	0	0	0	0	0	0	0
969	KDC007_MCF7_96H:TRCN0000038695:-666	0	1	0	0	0	0	0	0	0	0	0	0	0
970	KDC007_PC3_96H:K17	0	0	0	0	0	0	1	0	0	0	0	0	0
971	KDC007_PC3_96H:O17	0	0	0	0	0	0	1	0	0	0	0	0	0
972	KDC007_PC3_96H:TRCN0000004820:-666	0	0	0	0	0	0	1	0	0	0	0	0	0
973	KDC007_PC3_96H:TRCN0000014672:-666	0	0	0	0	0	0	1	0	0	0	0	0	0
974	KDC007_PC3_96H:TRCN0000038695:-666	0	0	0	0	0	0	1	0	0	0	0	0	0
975	KDC007_VCAP_120H:TRCN0000004819:-666	0	0	0	0	0	0	0	0	0	0	0	0	1
976	KDC007_VCAP_120H:TRCN0000218492:-666	0	0	0	0	0	0	0	0	0	0	0	0	1
977	KDC008_A375_96H:TRCN0000003848:-666	0	0	0	0	0	0	0	0	0	0	1	0	0
978	KDC008_A375_96H:TRCN0000007481:-666	0	0	0	0	0	0	0	0	0	0	1	0	0
979	KDC008_A375_96H:TRCN0000010329:-666	0	0	0	0	0	0	0	0	0	0	1	0	0
980	KDC008_A375_96H:TRCN0000022216:-666	0	0	0	0	0	0	0	0	0	0	1	0	0
981	KDC008_A375_96H:TRCN0000039898:-666	0	0	0	0	0	0	0	0	0	0	1	0	0
982	KDC008_A375_96H:TRCN0000064828:-666	0	0	0	0	0	0	0	0	0	0	1	0	0
983	KDC008_HEPG2_96H:TRCN0000019946:-666	0	0	0	0	0	0	0	0	1	0	0	0	0
984	KDC008_HT29_96H:TRCN0000001501:-666	1	0	0	0	0	0	0	0	0	0	0	0	0
985	KDC008_HT29_96H:TRCN0000003459:-666	1	0	0	0	0	0	0	0	0	0	0	0	0
986	KDC008_HT29_96H:TRCN0000045940:-666	1	0	0	0	0	0	0	0	0	0	0	0	0
987	KDC008_MCF7_96H:TRCN0000004453:-666	0	1	0	0	0	0	0	0	0	0	0	0	0
988	KDC008_MCF7_96H:TRCN0000007983:-666	0	1	0	0	0	0	0	0	0	0	0	0	0
989	KDC008_MCF7_96H:TRCN0000037517:-666	0	1	0	0	0	0	0	0	0	0	0	0	0
990	KDC008_MCF7_96H:TRCN0000064828:-666	0	1	0	0	0	0	0	0	0	0	0	0	0
991	KDC008_PC3_96H:TRCN0000022214:-666	0	0	0	0	0	0	1	0	0	0	0	0	0
992	KDC008_PC3_96H:TRCN0000039901:-666	0	0	0	0	0	0	1	0	0	0	0	0	0
993	KDC008_PC3_96H:TRCN0000059110:-666	0	0	0	0	0	0	1	0	0	0	0	0	0
994	KDC008_VCAP_120H:TRCN0000039902:-666	0	0	0	0	0	0	0	0	0	0	0	0	1
995	KDC009_A375_96H:TRCN0000047942:-666	0	0	0	0	0	0	0	0	0	0	1	0	0
996	KDC009_A549_96H:TRCN0000013747:-666	0	0	0	1	0	0	0	0	0	0	0	0	0
997	KDC009_HA1E_96H:TRCN0000004817:-666	0	0	0	0	1	0	0	0	0	0	0	0	0
998	KDC009_HEPG2_96H:TRCN0000013747:-666	0	0	0	0	0	0	0	0	1	0	0	0	0
999	KDC009_MCF7_96H:TRCN0000014710:-666	0	1	0	0	0	0	0	0	0	0	0	0	0
1000	KDC009_MCF7_96H:TRCN0000037922:-666	0	1	0	0	0	0	0	0	0	0	0	0	0
1001	KDC009_MCF7_96H:TRCN0000058934:-666	0	1	0	0	0	0	0	0	0	0	0	0	0
1002	KDC009_PC3_96H:TRCN0000010035:-666	0	0	0	0	0	0	1	0	0	0	0	0	0
1003	KDC009_PC3_96H:TRCN0000013360:-666	0	0	0	0	0	0	1	0	0	0	0	0	0
1004	KDC009_PC3_96H:TRCN0000037922:-666	0	0	0	0	0	0	1	0	0	0	0	0	0
1005	KDC010_A375_96H:TRCN0000003755:-666	0	0	0	0	0	0	0	0	0	0	1	0	0
1006	KDC010_A375_96H:TRCN0000007602:-666	0	0	0	0	0	0	0	0	0	0	1	0	0
1007	KDC010_A375_96H:TRCN0000022384:-666	0	0	0	0	0	0	0	0	0	0	1	0	0
1008	KDC010_A549_96H:TRCN0000004572:-666	0	0	0	1	0	0	0	0	0	0	0	0	0
1009	KDC010_A549_96H:TRCN0000006495:-666	0	0	0	1	0	0	0	0	0	0	0	0	0
1010	KDC010_HA1E_96H:TRCN0000006495:-666	0	0	0	0	1	0	0	0	0	0	0	0	0
1011	KDC010_HA1E_96H:TRCN0000019121:-666	0	0	0	0	1	0	0	0	0	0	0	0	0
1012	KDC010_HT29_96H:TRCN0000001670:-666	1	0	0	0	0	0	0	0	0	0	0	0	0
1013	KDC010_HT29_96H:TRCN0000003753:-666	1	0	0	0	0	0	0	0	0	0	0	0	0
1014	KDC010_HT29_96H:TRCN0000003845:-666	1	0	0	0	0	0	0	0	0	0	0	0	0
1015	KDC010_HT29_96H:TRCN0000006495:-666	1	0	0	0	0	0	0	0	0	0	0	0	0
1016	KDC010_HT29_96H:TRCN0000058091:-666	1	0	0	0	0	0	0	0	0	0	0	0	0
1017	KDC010_HT29_96H:TRCN0000060767:-666	1	0	0	0	0	0	0	0	0	0	0	0	0
1018	KDC010_MCF7_96H:TRCN0000001672:-666	0	1	0	0	0	0	0	0	0	0	0	0	0
1019	KDC010_MCF7_96H:TRCN0000003755:-666	0	1	0	0	0	0	0	0	0	0	0	0	0
1020	KDC010_MCF7_96H:TRCN0000006496:-666	0	1	0	0	0	0	0	0	0	0	0	0	0
1021	KDC010_MCF7_96H:TRCN0000058089:-666	0	1	0	0	0	0	0	0	0	0	0	0	0
1022	KDC010_VCAP_120H:TRCN0000001671:-666	0	0	0	0	0	0	0	0	0	0	0	0	1
1023	KDC010_VCAP_120H:TRCN0000059049:-666	0	0	0	0	0	0	0	0	0	0	0	0	1
1024	KDC010_VCAP_120H:TRCN0000074243:-666	0	0	0	0	0	0	0	0	0	0	0	0	1
1025	KDD001_A375_96H:TRCN0000000835:-666	0	0	0	0	0	0	0	0	0	0	1	0	0
1026	KDD001_A375_96H:TRCN0000072508:-666	0	0	0	0	0	0	0	0	0	0	1	0	0
1027	KDD001_HT29_96H:TRCN0000000982:-666	1	0	0	0	0	0	0	0	0	0	0	0	0
1028	KDD001_HT29_96H:TRCN0000045534:-666	1	0	0	0	0	0	0	0	0	0	0	0	0
1029	KDD001_HT29_96H:TRCN0000232125:-666	1	0	0	0	0	0	0	0	0	0	0	0	0
1030	KDD001_PC3_96H:TRCN0000008711:-666	0	0	0	0	0	0	1	0	0	0	0	0	0
1031	KDD001_PC3_96H:TRCN0000016207:-666	0	0	0	0	0	0	1	0	0	0	0	0	0
1032	KDD001_PC3_96H:TRCN0000036470:-666	0	0	0	0	0	0	1	0	0	0	0	0	0
1033	KDD001_PC3_96H:TRCN0000049910:-666	0	0	0	0	0	0	1	0	0	0	0	0	0
1034	KDD001_PC3_96H:TRCN0000072512:-666	0	0	0	0	0	0	1	0	0	0	0	0	0
1035	KDD001_PC3_96H:TRCN0000232125:-666	0	0	0	0	0	0	1	0	0	0	0	0	0
1036	KDD001_VCAP_120H:TRCN0000005316:-666	0	0	0	0	0	0	0	0	0	0	0	0	1
1037	KDD002_A549_96H:TRCN0000003810:-666	0	0	0	1	0	0	0	0	0	0	0	0	0
1038	KDD002_HCC515_96H:TRCN0000001495:-666	0	0	0	0	0	0	0	0	0	0	0	1	0
1039	KDD002_HCC515_96H:TRCN0000003810:-666	0	0	0	0	0	0	0	0	0	0	0	1	0
1040	KDD002_HT29_96H:TRCN0000021195:-666	1	0	0	0	0	0	0	0	0	0	0	0	0
1041	KDD002_HT29_96H:TRCN0000022112:-666	1	0	0	0	0	0	0	0	0	0	0	0	0
1042	KDD002_MCF7_96H:TRCN0000061466:-666	0	1	0	0	0	0	0	0	0	0	0	0	0
1043	KDD002_MCF7_96H:TRCN0000276342:-666	0	1	0	0	0	0	0	0	0	0	0	0	0
1044	KDD002_PC3_96H:TRCN0000001631:-666	0	0	0	0	0	0	1	0	0	0	0	0	0
1045	KDD002_PC3_96H:TRCN0000233472:-666	0	0	0	0	0	0	1	0	0	0	0	0	0
1046	KDD002_VCAP_120H:TRCN0000009140:-666	0	0	0	0	0	0	0	0	0	0	0	0	1
1047	KDD002_VCAP_120H:TRCN0000017567:-666	0	0	0	0	0	0	0	0	0	0	0	0	1
1048	KDD002_VCAP_120H:TRCN0000020159:-666	0	0	0	0	0	0	0	0	0	0	0	0	1
1049	KDD003_MCF7_96H:TRCN0000018931:-666	0	1	0	0	0	0	0	0	0	0	0	0	0
1050	KDD003_MCF7_96H:TRCN0000019409:-666	0	1	0	0	0	0	0	0	0	0	0	0	0
1051	KDD003_MCF7_96H:TRCN0000033290:-666	0	1	0	0	0	0	0	0	0	0	0	0	0
1052	KDD003_MCF7_96H:TRCN0000033454:-666	0	1	0	0	0	0	0	0	0	0	0	0	0
1053	KDD003_MCF7_96H:TRCN0000038805:-666	0	1	0	0	0	0	0	0	0	0	0	0	0
1054	KDD003_MCF7_96H:TRCN0000056398:-666	0	1	0	0	0	0	0	0	0	0	0	0	0
1055	KDD003_MCF7_96H:TRCN0000058242:-666	0	1	0	0	0	0	0	0	0	0	0	0	0
1056	KDD003_PC3_96H:TRCN0000002529:-666	0	0	0	0	0	0	1	0	0	0	0	0	0
1057	KDD003_PC3_96H:TRCN0000007362:-666	0	0	0	0	0	0	1	0	0	0	0	0	0
1058	KDD003_PC3_96H:TRCN0000033293:-666	0	0	0	0	0	0	1	0	0	0	0	0	0
1059	KDD003_PC3_96H:TRCN0000033454:-666	0	0	0	0	0	0	1	0	0	0	0	0	0
1060	KDD003_PC3_96H:TRCN0000056398:-666	0	0	0	0	0	0	1	0	0	0	0	0	0
1061	KDD003_PC3_96H:TRCN0000056837:-666	0	0	0	0	0	0	1	0	0	0	0	0	0
1062	KDD003_PC3_96H:TRCN0000077854:-666	0	0	0	0	0	0	1	0	0	0	0	0	0
1063	KDD003_VCAP_120H:TRCN0000018931:-666	0	0	0	0	0	0	0	0	0	0	0	0	1
1064	KDD003_VCAP_120H:TRCN0000056834:-666	0	0	0	0	0	0	0	0	0	0	0	0	1
1065	KDD004_A375_96H:TRCN0000004911:-666	0	0	0	0	0	0	0	0	0	0	1	0	0
1066	KDD004_A375_96H:TRCN0000037794:-666	0	0	0	0	0	0	0	0	0	0	1	0	0
1067	KDD004_HCC515_96H:TRCN0000006837:-666	0	0	0	0	0	0	0	0	0	0	0	1	0
1068	KDD004_HCC515_96H:TRCN0000014882:-666	0	0	0	0	0	0	0	0	0	0	0	1	0
1069	KDD004_HCC515_96H:TRCN0000036887:-666	0	0	0	0	0	0	0	0	0	0	0	1	0
1070	KDD004_HT29_96H:TRCN0000001371:-666	1	0	0	0	0	0	0	0	0	0	0	0	0
1071	KDD004_HT29_96H:TRCN0000057255:-666	1	0	0	0	0	0	0	0	0	0	0	0	0
1072	KDD004_HT29_96H:TRCN0000058279:-666	1	0	0	0	0	0	0	0	0	0	0	0	0
1073	KDD004_HT29_96H:TRCN0000059024:-666	1	0	0	0	0	0	0	0	0	0	0	0	0
1074	KDD004_MCF7_96H:TRCN0000006837:-666	0	1	0	0	0	0	0	0	0	0	0	0	0
1075	KDD004_MCF7_96H:TRCN0000007749:-666	0	1	0	0	0	0	0	0	0	0	0	0	0
1076	KDD004_MCF7_96H:TRCN0000014878:-666	0	1	0	0	0	0	0	0	0	0	0	0	0
1077	KDD004_MCF7_96H:TRCN0000043386:-666	0	1	0	0	0	0	0	0	0	0	0	0	0
1078	KDD004_MCF7_96H:TRCN0000233526:-666	0	1	0	0	0	0	0	0	0	0	0	0	0
1079	KDD004_PC3_96H:TRCN0000001481:-666	0	0	0	0	0	0	1	0	0	0	0	0	0
1080	KDD004_PC3_96H:TRCN0000006837:-666	0	0	0	0	0	0	1	0	0	0	0	0	0
1081	KDD004_PC3_96H:TRCN0000007749:-666	0	0	0	0	0	0	1	0	0	0	0	0	0
1082	KDD004_PC3_96H:TRCN0000256730:-666	0	0	0	0	0	0	1	0	0	0	0	0	0
1083	KDD005_A375_96H:TRCN0000001387:-666	0	0	0	0	0	0	0	0	0	0	1	0	0
1084	KDD005_A375_96H:TRCN0000001665:-666	0	0	0	0	0	0	0	0	0	0	1	0	0
1085	KDD005_A375_96H:TRCN0000002297:-666	0	0	0	0	0	0	0	0	0	0	1	0	0
1086	KDD005_A375_96H:TRCN0000002321:-666	0	0	0	0	0	0	0	0	0	0	1	0	0
1087	KDD005_A375_96H:TRCN0000002810:-666	0	0	0	0	0	0	0	0	0	0	1	0	0
1088	KDD005_HA1E_96H:TRCN0000001387:-666	0	0	0	0	1	0	0	0	0	0	0	0	0
1089	KDD005_HA1E_96H:TRCN0000003150:-666	0	0	0	0	1	0	0	0	0	0	0	0	0
1090	KDD005_HT29_96H:TRCN0000013620:-666	1	0	0	0	0	0	0	0	0	0	0	0	0
1091	KDD005_HT29_96H:TRCN0000039757:-666	1	0	0	0	0	0	0	0	0	0	0	0	0
1092	KDD005_MCF7_96H:TRCN0000001781:-666	0	1	0	0	0	0	0	0	0	0	0	0	0
1093	KDD005_MCF7_96H:TRCN0000003150:-666	0	1	0	0	0	0	0	0	0	0	0	0	0
1094	KDD005_MCF7_96H:TRCN0000013620:-666	0	1	0	0	0	0	0	0	0	0	0	0	0
1095	KDD005_MCF7_96H:TRCN0000033341:-666	0	1	0	0	0	0	0	0	0	0	0	0	0
1096	KDD005_MCF7_96H:TRCN0000036776:-666	0	1	0	0	0	0	0	0	0	0	0	0	0
1097	KDD005_MCF7_96H:TRCN0000039754:-666	0	1	0	0	0	0	0	0	0	0	0	0	0
1098	KDD005_MCF7_96H:TRCN0000365104:-666	0	1	0	0	0	0	0	0	0	0	0	0	0
1099	KDD005_PC3_96H:TRCN0000001781:-666	0	0	0	0	0	0	1	0	0	0	0	0	0
1100	KDD005_PC3_96H:TRCN0000003379:-666	0	0	0	0	0	0	1	0	0	0	0	0	0
1101	KDD005_PC3_96H:TRCN0000006434:-666	0	0	0	0	0	0	1	0	0	0	0	0	0
1102	KDD005_PC3_96H:TRCN0000039757:-666	0	0	0	0	0	0	1	0	0	0	0	0	0
1103	KDD005_VCAP_120H:TRCN0000002321:-666	0	0	0	0	0	0	0	0	0	0	0	0	1
1104	KDD005_VCAP_120H:TRCN0000006431:-666	0	0	0	0	0	0	0	0	0	0	0	0	1
1105	KDD005_VCAP_120H:TRCN0000015036:-666	0	0	0	0	0	0	0	0	0	0	0	0	1
1106	KDD005_VCAP_120H:TRCN0000029534:-666	0	0	0	0	0	0	0	0	0	0	0	0	1
1107	KDD005_VCAP_120H:TRCN0000039757:-666	0	0	0	0	0	0	0	0	0	0	0	0	1
1108	KDD006_HCC515_96H:TRCN0000007523:-666	0	0	0	0	0	0	0	0	0	0	0	1	0
1109	KDD006_HCC515_96H:TRCN0000020221:-666	0	0	0	0	0	0	0	0	0	0	0	1	0
1110	KDD006_HT29_96H:TRCN0000004264:-666	1	0	0	0	0	0	0	0	0	0	0	0	0
1111	KDD006_HT29_96H:TRCN0000022031:-666	1	0	0	0	0	0	0	0	0	0	0	0	0
1112	KDD006_MCF7_96H:TRCN0000000358:-666	0	1	0	0	0	0	0	0	0	0	0	0	0
1113	KDD006_MCF7_96H:TRCN0000020219:-666	0	1	0	0	0	0	0	0	0	0	0	0	0
1114	KDD006_MCF7_96H:TRCN0000226467:-666	0	1	0	0	0	0	0	0	0	0	0	0	0
1115	KDD006_PC3_96H:TRCN0000013833:-666	0	0	0	0	0	0	1	0	0	0	0	0	0
1116	KDD006_PC3_96H:TRCN0000020219:-666	0	0	0	0	0	0	1	0	0	0	0	0	0
1117	KDD006_PC3_96H:TRCN0000022031:-666	0	0	0	0	0	0	1	0	0	0	0	0	0
1118	KDD006_VCAP_120H:TRCN0000003551:-666	0	0	0	0	0	0	0	0	0	0	0	0	1
1119	KDD006_VCAP_120H:TRCN0000004266:-666	0	0	0	0	0	0	0	0	0	0	0	0	1
1120	KDD006_VCAP_120H:TRCN0000020221:-666	0	0	0	0	0	0	0	0	0	0	0	0	1
1121	KDD006_VCAP_120H:TRCN0000046690:-666	0	0	0	0	0	0	0	0	0	0	0	0	1
1122	KDD007_A549_96H:TRCN0000039865:-666	0	0	0	1	0	0	0	0	0	0	0	0	0
1123	KDD007_HCC515_96H:TRCN0000056818:-666	0	0	0	0	0	0	0	0	0	0	0	1	0
1124	KDD007_HCC515_96H:TRCN0000234580:-666	0	0	0	0	0	0	0	0	0	0	0	1	0
1125	KDD007_MCF7_96H:TRCN0000039865:-666	0	1	0	0	0	0	0	0	0	0	0	0	0
1126	KDD007_MCF7_96H:TRCN0000056820:-666	0	1	0	0	0	0	0	0	0	0	0	0	0
1127	KDD007_MCF7_96H:TRCN0000107240:-666	0	1	0	0	0	0	0	0	0	0	0	0	0
1128	KDD007_MCF7_96H:TRCN0000271514:-666	0	1	0	0	0	0	0	0	0	0	0	0	0
1129	KDD007_MCF7_96H:TRCN0000338331:-666	0	1	0	0	0	0	0	0	0	0	0	0	0
1130	KDD007_PC3_96H:TRCN0000010376:-666	0	0	0	0	0	0	1	0	0	0	0	0	0
1131	KDD007_PC3_96H:TRCN0000015798:-666	0	0	0	0	0	0	1	0	0	0	0	0	0
1132	KDD007_PC3_96H:TRCN0000038669:-666	0	0	0	0	0	0	1	0	0	0	0	0	0
1133	KDD007_PC3_96H:TRCN0000048032:-666	0	0	0	0	0	0	1	0	0	0	0	0	0
1134	KDD007_PC3_96H:TRCN0000056820:-666	0	0	0	0	0	0	1	0	0	0	0	0	0
1135	KDD007_PC3_96H:TRCN0000062283:-666	0	0	0	0	0	0	1	0	0	0	0	0	0
1136	KDD007_VCAP_120H:TRCN0000003351:-666	0	0	0	0	0	0	0	0	0	0	0	0	1
1137	KDD007_VCAP_120H:TRCN0000054336:-666	0	0	0	0	0	0	0	0	0	0	0	0	1
1138	KDD007_VCAP_120H:TRCN0000056820:-666	0	0	0	0	0	0	0	0	0	0	0	0	1
1139	KDD008_A375_96H:TRCN0000000252:-666	0	0	0	0	0	0	0	0	0	0	1	0	0
1140	KDD008_A375_96H:TRCN0000000499:-666	0	0	0	0	0	0	0	0	0	0	1	0	0
1141	KDD008_A375_96H:TRCN0000039696:-666	0	0	0	0	0	0	0	0	0	0	1	0	0
1142	KDD008_A549_96H:TRCN0000010280:-666	0	0	0	1	0	0	0	0	0	0	0	0	0
1143	KDD008_A549_96H:TRCN0000038677:-666	0	0	0	1	0	0	0	0	0	0	0	0	0
1144	KDD008_HA1E_96H:TRCN0000000486:-666	0	0	0	0	1	0	0	0	0	0	0	0	0
1145	KDD008_HCC515_96H:TRCN0000000830:-666	0	0	0	0	0	0	0	0	0	0	0	1	0
1146	KDD008_HCC515_96H:TRCN0000000947:-666	0	0	0	0	0	0	0	0	0	0	0	1	0
1147	KDD008_HCC515_96H:TRCN0000009827:-666	0	0	0	0	0	0	0	0	0	0	0	1	0
1148	KDD008_HCC515_96H:TRCN0000010081:-666	0	0	0	0	0	0	0	0	0	0	0	1	0
1149	KDD008_HCC515_96H:TRCN0000010212:-666	0	0	0	0	0	0	0	0	0	0	0	1	0
1150	KDD008_HCC515_96H:TRCN0000038658:-666	0	0	0	0	0	0	0	0	0	0	0	1	0
1151	KDD008_HCC515_96H:TRCN0000039888:-666	0	0	0	0	0	0	0	0	0	0	0	1	0
1152	KDD008_HCC515_96H:TRCN0000040111:-666	0	0	0	0	0	0	0	0	0	0	0	1	0
1153	KDD008_HT29_96H:TRCN0000000806:-666	1	0	0	0	0	0	0	0	0	0	0	0	0
1154	KDD008_HT29_96H:TRCN0000000832:-666	1	0	0	0	0	0	0	0	0	0	0	0	0
1155	KDD008_HT29_96H:TRCN0000010081:-666	1	0	0	0	0	0	0	0	0	0	0	0	0
1156	KDD008_HT29_96H:TRCN0000010210:-666	1	0	0	0	0	0	0	0	0	0	0	0	0
1157	KDD008_HT29_96H:TRCN0000010280:-666	1	0	0	0	0	0	0	0	0	0	0	0	0
1158	KDD008_HT29_96H:TRCN0000039856:-666	1	0	0	0	0	0	0	0	0	0	0	0	0
1159	KDD008_HT29_96H:TRCN0000040111:-666	1	0	0	0	0	0	0	0	0	0	0	0	0
1160	KDD008_HT29_96H:TRCN0000040162:-666	1	0	0	0	0	0	0	0	0	0	0	0	0
1161	KDD008_MCF7_96H:TRCN0000000588:-666	0	1	0	0	0	0	0	0	0	0	0	0	0
1162	KDD008_MCF7_96H:TRCN0000000619:-666	0	1	0	0	0	0	0	0	0	0	0	0	0
1163	KDD008_MCF7_96H:TRCN0000000677:-666	0	1	0	0	0	0	0	0	0	0	0	0	0
1164	KDD008_MCF7_96H:TRCN0000010007:-666	0	1	0	0	0	0	0	0	0	0	0	0	0
1165	KDD008_MCF7_96H:TRCN0000010280:-666	0	1	0	0	0	0	0	0	0	0	0	0	0
1166	KDD008_MCF7_96H:TRCN0000039690:-666	0	1	0	0	0	0	0	0	0	0	0	0	0
1167	KDD008_MCF7_96H:TRCN0000039695:-666	0	1	0	0	0	0	0	0	0	0	0	0	0
1168	KDD008_MCF7_96H:TRCN0000039747:-666	0	1	0	0	0	0	0	0	0	0	0	0	0
1169	KDD008_MCF7_96H:TRCN0000039856:-666	0	1	0	0	0	0	0	0	0	0	0	0	0
1170	KDD008_MCF7_96H:TRCN0000040008:-666	0	1	0	0	0	0	0	0	0	0	0	0	0
1171	KDD008_MCF7_96H:TRCN0000040044:-666	0	1	0	0	0	0	0	0	0	0	0	0	0
1172	KDD008_MCF7_96H:TRCN0000040064:-666	0	1	0	0	0	0	0	0	0	0	0	0	0
1173	KDD008_PC3_96H:TRCN0000000619:-666	0	0	0	0	0	0	1	0	0	0	0	0	0
1174	KDD008_PC3_96H:TRCN0000000805:-666	0	0	0	0	0	0	1	0	0	0	0	0	0
1175	KDD008_PC3_96H:TRCN0000000947:-666	0	0	0	0	0	0	1	0	0	0	0	0	0
1176	KDD008_PC3_96H:TRCN0000009827:-666	0	0	0	0	0	0	1	0	0	0	0	0	0
1177	KDD008_PC3_96H:TRCN0000010444:-666	0	0	0	0	0	0	1	0	0	0	0	0	0
1178	KDD008_PC3_96H:TRCN0000039743:-666	0	0	0	0	0	0	1	0	0	0	0	0	0
1179	KDD008_PC3_96H:TRCN0000039960:-666	0	0	0	0	0	0	1	0	0	0	0	0	0
1180	KDD008_PC3_96H:TRCN0000040044:-666	0	0	0	0	0	0	1	0	0	0	0	0	0
1181	KDD008_PC3_96H:TRCN0000040067:-666	0	0	0	0	0	0	1	0	0	0	0	0	0
1182	KDD008_VCAP_120H:TRCN0000009949:-666	0	0	0	0	0	0	0	0	0	0	0	0	1
1183	KDD008_VCAP_120H:TRCN0000010465:-666	0	0	0	0	0	0	0	0	0	0	0	0	1
1184	KDD008_VCAP_120H:TRCN0000010470:-666	0	0	0	0	0	0	0	0	0	0	0	0	1
1185	KDD008_VCAP_120H:TRCN0000039590:-666	0	0	0	0	0	0	0	0	0	0	0	0	1
1186	KDD009_HCC515_96H:TRCN0000009980:-666	0	0	0	0	0	0	0	0	0	0	0	1	0
1187	KDD009_HCC515_96H:TRCN0000010425:-666	0	0	0	0	0	0	0	0	0	0	0	1	0
1188	KDD009_HCC515_96H:TRCN0000010474:-666	0	0	0	0	0	0	0	0	0	0	0	1	0
1189	KDD009_HCC515_96H:TRCN0000040081:-666	0	0	0	0	0	0	0	0	0	0	0	1	0
1190	KDD009_HT29_96H:TRCN0000001132:-666	1	0	0	0	0	0	0	0	0	0	0	0	0
1191	KDD009_HT29_96H:TRCN0000010174:-666	1	0	0	0	0	0	0	0	0	0	0	0	0
1192	KDD009_HT29_96H:TRCN0000010391:-666	1	0	0	0	0	0	0	0	0	0	0	0	0
1193	KDD009_HT29_96H:TRCN0000010425:-666	1	0	0	0	0	0	0	0	0	0	0	0	0
1194	KDD009_HT29_96H:TRCN0000040077:-666	1	0	0	0	0	0	0	0	0	0	0	0	0
1195	KDD009_HT29_96H:TRCN0000040166:-666	1	0	0	0	0	0	0	0	0	0	0	0	0
1196	KDD009_HT29_96H:TRCN0000082466:-666	1	0	0	0	0	0	0	0	0	0	0	0	0
1197	KDD009_MCF7_96H:TRCN0000009865:-666	0	1	0	0	0	0	0	0	0	0	0	0	0
1198	KDD009_MCF7_96H:TRCN0000010304:-666	0	1	0	0	0	0	0	0	0	0	0	0	0
1199	KDD009_MCF7_96H:TRCN0000010418:-666	0	1	0	0	0	0	0	0	0	0	0	0	0
1200	KDD009_MCF7_96H:TRCN0000010430:-666	0	1	0	0	0	0	0	0	0	0	0	0	0
1201	KDD009_MCF7_96H:TRCN0000040077:-666	0	1	0	0	0	0	0	0	0	0	0	0	0
1202	KDD009_PC3_96H:TRCN0000001133:-666	0	0	0	0	0	0	1	0	0	0	0	0	0
1203	KDD009_PC3_96H:TRCN0000010391:-666	0	0	0	0	0	0	1	0	0	0	0	0	0
1204	KDD009_PC3_96H:TRCN0000010431:-666	0	0	0	0	0	0	1	0	0	0	0	0	0
1205	KDD009_PC3_96H:TRCN0000039600:-666	0	0	0	0	0	0	1	0	0	0	0	0	0
1206	KDD009_PC3_96H:TRCN0000039605:-666	0	0	0	0	0	0	1	0	0	0	0	0	0
1207	KDD009_PC3_96H:TRCN0000039614:-666	0	0	0	0	0	0	1	0	0	0	0	0	0
1208	KDD009_PC3_96H:TRCN0000039796:-666	0	0	0	0	0	0	1	0	0	0	0	0	0
1209	KDD009_PC3_96H:TRCN0000040033:-666	0	0	0	0	0	0	1	0	0	0	0	0	0
1210	KDD009_PC3_96H:TRCN0000040038:-666	0	0	0	0	0	0	1	0	0	0	0	0	0
1211	KDD009_PC3_96H:TRCN0000040077:-666	0	0	0	0	0	0	1	0	0	0	0	0	0
1212	KDD009_PC3_96H:TRCN0000040125:-666	0	0	0	0	0	0	1	0	0	0	0	0	0
1213	KDD009_PC3_96H:TRCN0000040163:-666	0	0	0	0	0	0	1	0	0	0	0	0	0
1214	KDD009_PC3_96H:TRCN0000040209:-666	0	0	0	0	0	0	1	0	0	0	0	0	0
1215	KDD009_PC3_96H:TRCN0000082466:-666	0	0	0	0	0	0	1	0	0	0	0	0	0
1216	KDD010_A549_96H:TRCN0000121096:-666	0	0	0	1	0	0	0	0	0	0	0	0	0
1217	KDD010_HA1E_96H:TRCN0000244987:-666	0	0	0	0	1	0	0	0	0	0	0	0	0
1218	KDD010_HCC515_96H:TRCN0000039610:-666	0	0	0	0	0	0	0	0	0	0	0	1	0
1219	KDD010_HCC515_96H:TRCN0000040177:-666	0	0	0	0	0	0	0	0	0	0	0	1	0
1220	KDD010_HCC515_96H:TRCN0000121216:-666	0	0	0	0	0	0	0	0	0	0	0	1	0
1221	KDD010_PC3_96H:TRCN0000009824:-666	0	0	0	0	0	0	1	0	0	0	0	0	0
1222	KDD010_PC3_96H:TRCN0000010335:-666	0	0	0	0	0	0	1	0	0	0	0	0	0
1223	KDD010_PC3_96H:TRCN0000040128:-666	0	0	0	0	0	0	1	0	0	0	0	0	0
1224	KDD010_PC3_96H:TRCN0000040133:-666	0	0	0	0	0	0	1	0	0	0	0	0	0
1225	KDD010_PC3_96H:TRCN0000040218:-666	0	0	0	0	0	0	1	0	0	0	0	0	0
1226	KDD010_PC3_96H:TRCN0000121144:-666	0	0	0	0	0	0	1	0	0	0	0	0	0
1227	KDD010_PC3_96H:TRCN0000121163:-666	0	0	0	0	0	0	1	0	0	0	0	0	0
1228	KDD010_PC3_96H:TRCN0000144660:-666	0	0	0	0	0	0	1	0	0	0	0	0	0
1229	KDD010_PC3_96H:TRCN0000194854:-666	0	0	0	0	0	0	1	0	0	0	0	0	0
1230	KDD010_VCAP_120H:TRCN0000040144:-666	0	0	0	0	0	0	0	0	0	0	0	0	1
1231	KDD010_VCAP_120H:TRCN0000121163:-666	0	0	0	0	0	0	0	0	0	0	0	0	1
1232	T1D.KD001_JURKAT_120H:TRCN0000073364:-666	0	0	0	0	0	0	0	0	0	1	0	0	0
1233	TA.KD007_HT29_96H:TRCN0000000834:4	1	0	0	0	0	0	0	0	0	0	0	0	0
1234	TA.KD007_HT29_96H:TRCN0000020842:4	1	0	0	0	0	0	0	0	0	0	0	0	0
1235	TA.KD007_HT29_96H:TRCN0000057076:4	1	0	0	0	0	0	0	0	0	0	0	0	0
1236	TA.KD007_HT29_96H:TRCN0000220587:4	1	0	0	0	0	0	0	0	0	0	0	0	0
1237	TA.KD007_HT29_96H:TRCN0000290093:4	1	0	0	0	0	0	0	0	0	0	0	0	0
1238	TA.KD007_HT29_96H:TRCN0000310615:4	1	0	0	0	0	0	0	0	0	0	0	0	0
1239	TA.KD009_A549_96H:TRCN0000062546:1	0	0	0	1	0	0	0	0	0	0	0	0	0
1240	TA.KD009_A549_96H:TRCN0000156676:1	0	0	0	1	0	0	0	0	0	0	0	0	0
1241	TA.KD009_A549_96H:TRCN0000229648:1	0	0	0	1	0	0	0	0	0	0	0	0	0
1242	TA.KD009_A549_96H:TRCN0000314921:1	0	0	0	1	0	0	0	0	0	0	0	0	0
1243	TA.KD009_A549_96H:TRCN0000315028:1	0	0	0	1	0	0	0	0	0	0	0	0	0
1244	TA.KD009_A549_96H:TRCN0000315181:1	0	0	0	1	0	0	0	0	0	0	0	0	0
1245	TA.KD009_A549_96H:TRCN0000381093:1	0	0	0	1	0	0	0	0	0	0	0	0	0
1246	TA.KD010_A549_96H:TRCN0000002746:1	0	0	0	1	0	0	0	0	0	0	0	0	0
1247	TA.KD010_A549_96H:TRCN0000010163:1	0	0	0	1	0	0	0	0	0	0	0	0	0
1248	TA.KD010_A549_96H:TRCN0000010275:1	0	0	0	1	0	0	0	0	0	0	0	0	0
1249	TA.KD010_A549_96H:TRCN0000010329:1	0	0	0	1	0	0	0	0	0	0	0	0	0
1250	TA.KD010_A549_96H:TRCN0000029594:1	0	0	0	1	0	0	0	0	0	0	0	0	0
1251	TA.KD010_A549_96H:TRCN0000033291:1	0	0	0	1	0	0	0	0	0	0	0	0	0
1252	TA.KD010_A549_96H:TRCN0000196582:1	0	0	0	1	0	0	0	0	0	0	0	0	0
1253	TA.KD010_A549_96H:TRCN0000199242:1	0	0	0	1	0	0	0	0	0	0	0	0	0
1254	TA.KD010_A549_96H:TRCN0000231508:1	0	0	0	1	0	0	0	0	0	0	0	0	0
1255	TA.KD010_A549_96H:TRCN0000295892:1	0	0	0	1	0	0	0	0	0	0	0	0	0
1256	TA.KD010_A549_96H:TRCN0000342334:1	0	0	0	1	0	0	0	0	0	0	0	0	0
1257	TAK001_A375_96H:TRCN0000004265:-666	0	0	0	0	0	0	0	0	0	0	1	0	0
1258	TAK001_A375_96H:TRCN0000006150:-666	0	0	0	0	0	0	0	0	0	0	1	0	0
1259	TAK001_A375_96H:TRCN0000010425:-666	0	0	0	0	0	0	0	0	0	0	1	0	0
1260	TAK001_A375_96H:TRCN0000018559:-666	0	0	0	0	0	0	0	0	0	0	1	0	0
1261	TAK001_A375_96H:TRCN0000047710:-666	0	0	0	0	0	0	0	0	0	0	1	0	0
1262	TAK001_A375_96H:TRCN0000196698:-666	0	0	0	0	0	0	0	0	0	0	1	0	0
1263	TAK001_A375_96H:TRCN0000234679:-666	0	0	0	0	0	0	0	0	0	0	1	0	0
1264	TAK001_A375_96H:TRCN0000244986:-666	0	0	0	0	0	0	0	0	0	0	1	0	0
1265	TAK001_A375_96H:TRCN0000295873:-666	0	0	0	0	0	0	0	0	0	0	1	0	0
1266	TAK001_A375_96H:TRCN0000312625:-666	0	0	0	0	0	0	0	0	0	0	1	0	0
1267	TAK001_A375_96H:TRCN0000329887:-666	0	0	0	0	0	0	0	0	0	0	1	0	0
1268	TAK001_A375_96H:TRCN0000338225:-666	0	0	0	0	0	0	0	0	0	0	1	0	0
1269	TAK001_A375_96H:TRCN0000376482:-666	0	0	0	0	0	0	0	0	0	0	1	0	0
1270	TAK001_HEKTE_96H:TRCN0000000587:-666	0	0	0	0	0	1	0	0	0	0	0	0	0
1271	TAK001_HEKTE_96H:TRCN0000002004:-666	0	0	0	0	0	1	0	0	0	0	0	0	0
1272	TAK001_HEKTE_96H:TRCN0000002329:-666	0	0	0	0	0	1	0	0	0	0	0	0	0
1273	TAK001_HEKTE_96H:TRCN0000003320:-666	0	0	0	0	0	1	0	0	0	0	0	0	0
1274	TAK001_HEKTE_96H:TRCN0000003360:-666	0	0	0	0	0	1	0	0	0	0	0	0	0
1275	TAK001_HEKTE_96H:TRCN0000003756:-666	0	0	0	0	0	1	0	0	0	0	0	0	0
1276	TAK001_HEKTE_96H:TRCN0000004265:-666	0	0	0	0	0	1	0	0	0	0	0	0	0
1277	TAK001_HEKTE_96H:TRCN0000006042:-666	0	0	0	0	0	1	0	0	0	0	0	0	0
1278	TAK001_HEKTE_96H:TRCN0000006512:-666	0	0	0	0	0	1	0	0	0	0	0	0	0
1279	TAK001_HEKTE_96H:TRCN0000008027:-666	0	0	0	0	0	1	0	0	0	0	0	0	0
1280	TAK001_HEKTE_96H:TRCN0000009965:-666	0	0	0	0	0	1	0	0	0	0	0	0	0
1281	TAK001_HEKTE_96H:TRCN0000010425:-666	0	0	0	0	0	1	0	0	0	0	0	0	0
1282	TAK001_HEKTE_96H:TRCN0000018559:-666	0	0	0	0	0	1	0	0	0	0	0	0	0
1283	TAK001_HEKTE_96H:TRCN0000020842:-666	0	0	0	0	0	1	0	0	0	0	0	0	0
1284	TAK001_HEKTE_96H:TRCN0000039797:-666	0	0	0	0	0	1	0	0	0	0	0	0	0
1285	TAK001_HEKTE_96H:TRCN0000040011:-666	0	0	0	0	0	1	0	0	0	0	0	0	0
1286	TAK001_HEKTE_96H:TRCN0000047632:-666	0	0	0	0	0	1	0	0	0	0	0	0	0
1287	TAK001_HEKTE_96H:TRCN0000047708:-666	0	0	0	0	0	1	0	0	0	0	0	0	0
1288	TAK001_HEKTE_96H:TRCN0000055428:-666	0	0	0	0	0	1	0	0	0	0	0	0	0
1289	TAK001_HEKTE_96H:TRCN0000196795:-666	0	0	0	0	0	1	0	0	0	0	0	0	0
1290	TAK001_HEKTE_96H:TRCN0000226467:-666	0	0	0	0	0	1	0	0	0	0	0	0	0
1291	TAK001_HEKTE_96H:TRCN0000233527:-666	0	0	0	0	0	1	0	0	0	0	0	0	0
1292	TAK001_HEKTE_96H:TRCN0000234679:-666	0	0	0	0	0	1	0	0	0	0	0	0	0
1293	TAK001_HEKTE_96H:TRCN0000244984:-666	0	0	0	0	0	1	0	0	0	0	0	0	0
1294	TAK001_HEKTE_96H:TRCN0000271642:-666	0	0	0	0	0	1	0	0	0	0	0	0	0
1295	TAK001_HEKTE_96H:TRCN0000274161:-666	0	0	0	0	0	1	0	0	0	0	0	0	0
1296	TAK001_HEKTE_96H:TRCN0000298904:-666	0	0	0	0	0	1	0	0	0	0	0	0	0
1297	TAK001_HEKTE_96H:TRCN0000312625:-666	0	0	0	0	0	1	0	0	0	0	0	0	0
1298	TAK001_HEKTE_96H:TRCN0000329735:-666	0	0	0	0	0	1	0	0	0	0	0	0	0
1299	TAK001_HEKTE_96H:TRCN0000330127:-666	0	0	0	0	0	1	0	0	0	0	0	0	0
1300	TAK001_HEKTE_96H:TRCN0000330319:-666	0	0	0	0	0	1	0	0	0	0	0	0	0
1301	TAK001_HEKTE_96H:TRCN0000352648:-666	0	0	0	0	0	1	0	0	0	0	0	0	0
1302	TAK001_HEKTE_96H:TRCN0000356118:-666	0	0	0	0	0	1	0	0	0	0	0	0	0
1303	TAK001_HEKTE_96H:TRCN0000376482:-666	0	0	0	0	0	1	0	0	0	0	0	0	0
1304	TAK001_SW480_96H:K20	0	0	1	0	0	0	0	0	0	0	0	0	0
1305	TAK001_SW480_96H:N13	0	0	1	0	0	0	0	0	0	0	0	0	0
1306	TAK002_A375_96H:TRCN0000039746:-666	0	0	0	0	0	0	0	0	0	0	1	0	0
1307	TAK002_A375_96H:TRCN0000061718:-666	0	0	0	0	0	0	0	0	0	0	1	0	0
1308	TAK002_HEKTE_96H:TRCN0000003097:-666	0	0	0	0	0	1	0	0	0	0	0	0	0
1309	TAK002_HEKTE_96H:TRCN0000003780:-666	0	0	0	0	0	1	0	0	0	0	0	0	0
1310	TAK002_HEKTE_96H:TRCN0000004814:-666	0	0	0	0	0	1	0	0	0	0	0	0	0
1311	TAK002_HEKTE_96H:TRCN0000004822:-666	0	0	0	0	0	1	0	0	0	0	0	0	0
1312	TAK002_HEKTE_96H:TRCN0000010107:-666	0	0	0	0	0	1	0	0	0	0	0	0	0
1313	TAK002_HEKTE_96H:TRCN0000017856:-666	0	0	0	0	0	1	0	0	0	0	0	0	0
1314	TAK002_HEKTE_96H:TRCN0000033257:-666	0	0	0	0	0	1	0	0	0	0	0	0	0
1315	TAK002_HEKTE_96H:TRCN0000033562:-666	0	0	0	0	0	1	0	0	0	0	0	0	0
1316	TAK002_HEKTE_96H:TRCN0000038153:-666	0	0	0	0	0	1	0	0	0	0	0	0	0
1317	TAK002_HEKTE_96H:TRCN0000038725:-666	0	0	0	0	0	1	0	0	0	0	0	0	0
1318	TAK002_HEKTE_96H:TRCN0000039642:-666	0	0	0	0	0	1	0	0	0	0	0	0	0
1319	TAK002_HEKTE_96H:TRCN0000061719:-666	0	0	0	0	0	1	0	0	0	0	0	0	0
1320	TAK002_HEKTE_96H:TRCN0000073718:-666	0	0	0	0	0	1	0	0	0	0	0	0	0
1321	TAK002_HEKTE_96H:TRCN0000121068:-666	0	0	0	0	0	1	0	0	0	0	0	0	0
1322	TAK002_HEKTE_96H:TRCN0000221650:-666	0	0	0	0	0	1	0	0	0	0	0	0	0
1323	TAK002_HEKTE_96H:TRCN0000332953:-666	0	0	0	0	0	1	0	0	0	0	0	0	0
1324	TAK002_HEKTE_96H:TRCN0000430096:-666	0	0	0	0	0	1	0	0	0	0	0	0	0
1325	TAK002_PC3_96H:TRCN0000003101:-666	0	0	0	0	0	0	1	0	0	0	0	0	0
1326	TAK002_PC3_96H:TRCN0000003780:-666	0	0	0	0	0	0	1	0	0	0	0	0	0
1327	TAK002_PC3_96H:TRCN0000008024:-666	0	0	0	0	0	0	1	0	0	0	0	0	0
1328	TAK002_PC3_96H:TRCN0000022101:-666	0	0	0	0	0	0	1	0	0	0	0	0	0
1329	TAK002_PC3_96H:TRCN0000038153:-666	0	0	0	0	0	0	1	0	0	0	0	0	0
1330	TAK002_PC3_96H:TRCN0000121068:-666	0	0	0	0	0	0	1	0	0	0	0	0	0
1331	TAK002_PC3_96H:TRCN0000196809:-666	0	0	0	0	0	0	1	0	0	0	0	0	0
1332	TAK002_PC3_96H:TRCN0000221650:-666	0	0	0	0	0	0	1	0	0	0	0	0	0
1333	TAK002_PC3_96H:TRCN0000231919:-666	0	0	0	0	0	0	1	0	0	0	0	0	0
1334	TAK002_PC3_96H:TRCN0000332953:-666	0	0	0	0	0	0	1	0	0	0	0	0	0
1335	TAK002_PC3_96H:TRCN0000355861:-666	0	0	0	0	0	0	1	0	0	0	0	0	0
1336	TAK002_PC3_96H:TRCN0000356263:-666	0	0	0	0	0	0	1	0	0	0	0	0	0
1337	TAK002_PC3_96H:TRCN0000428550:-666	0	0	0	0	0	0	1	0	0	0	0	0	0
1338	TAK003_A375_96H:TRCN0000379919:-666	0	0	0	0	0	0	0	0	0	0	1	0	0
1339	TAK003_HEKTE_96H:TRCN0000003519:-666	0	0	0	0	0	1	0	0	0	0	0	0	0
1340	TAK003_HEKTE_96H:TRCN0000004303:-666	0	0	0	0	0	1	0	0	0	0	0	0	0
1341	TAK003_HEKTE_96H:TRCN0000007229:-666	0	0	0	0	0	1	0	0	0	0	0	0	0
1342	TAK003_HEKTE_96H:TRCN0000057543:-666	0	0	0	0	0	1	0	0	0	0	0	0	0
1343	TAK003_HEKTE_96H:TRCN0000320625:-666	0	0	0	0	0	1	0	0	0	0	0	0	0
1344	TAK003_PC3_96H:TRCN0000003164:-666	0	0	0	0	0	0	1	0	0	0	0	0	0
1345	TAK003_PC3_96H:TRCN0000003519:-666	0	0	0	0	0	0	1	0	0	0	0	0	0
1346	TAK003_PC3_96H:TRCN0000273371:-666	0	0	0	0	0	0	1	0	0	0	0	0	0
1347	TAK003_PC3_96H:TRCN0000320625:-666	0	0	0	0	0	0	1	0	0	0	0	0	0
