	sig_id	A375	A549	HA1E	HCC515	HEKTE	HEPG2	HT29	JURKAT	MCF7	PC3	SHSY5Y	SW480	VCAP
1	DER001_A375_96H:TRCN0000195611:-666	1	0	0	0	0	0	0	0	0	0	0	0	0
2	DER001_A549_96H:TRCN0000007229:-666	0	1	0	0	0	0	0	0	0	0	0	0	0
3	DER001_A549_96H:TRCN0000344601:-666	0	1	0	0	0	0	0	0	0	0	0	0	0
4	DER001_PC3_96H:J15	0	0	0	0	0	0	0	0	0	1	0	0	0
5	DER001_VCAP_96H:TRCN0000121318:-666	0	0	0	0	0	0	0	0	0	0	0	0	1
6	DER001_VCAP_96H:TRCN0000295968:-666	0	0	0	0	0	0	0	0	0	0	0	0	1
7	EKW001_PC3_120H:TRCN0000295865:2	0	0	0	0	0	0	0	0	0	1	0	0	0
8	EKW001_PC3_120H:TRCN0000295915:2	0	0	0	0	0	0	0	0	0	1	0	0	0
9	EKW001_PC3_120H:TRCN0000303774:2	0	0	0	0	0	0	0	0	0	1	0	0	0
10	EKW001_PC3_120H:TRCN0000327919:2	0	0	0	0	0	0	0	0	0	1	0	0	0
11	EKW001_SHSY5Y_120H:TRCN0000033456:2	0	0	0	0	0	0	0	0	0	0	1	0	0
12	EKW001_SHSY5Y_120H:TRCN0000295864:2	0	0	0	0	0	0	0	0	0	0	1	0	0
13	EKW001_SHSY5Y_120H:TRCN0000295915:2	0	0	0	0	0	0	0	0	0	0	1	0	0
14	EKW001_SHSY5Y_120H:TRCN0000303773:2	0	0	0	0	0	0	0	0	0	0	1	0	0
15	EKW001_SHSY5Y_120H:TRCN0000327919:2	0	0	0	0	0	0	0	0	0	0	1	0	0
16	EKW001_SHSY5Y_120H:TRCN0000342335:2	0	0	0	0	0	0	0	0	0	0	1	0	0
17	ERGK001_VCAP_120H:TRCN0000000637:-666	0	0	0	0	0	0	0	0	0	0	0	0	1
18	ERGK001_VCAP_120H:TRCN0000000769:-666	0	0	0	0	0	0	0	0	0	0	0	0	1
19	ERGK001_VCAP_120H:TRCN0000007006:-666	0	0	0	0	0	0	0	0	0	0	0	0	1
20	ERGK001_VCAP_120H:TRCN0000018915:-666	0	0	0	0	0	0	0	0	0	0	0	0	1
21	ERGK002_VCAP_120H:G08	0	0	0	0	0	0	0	0	0	0	0	0	1
22	ERGK002_VCAP_120H:J04	0	0	0	0	0	0	0	0	0	0	0	0	1
23	ERGK002_VCAP_120H:TRCN0000001832:-666	0	0	0	0	0	0	0	0	0	0	0	0	1
24	ERGK004_VCAP_120H:TRCN0000010174:-666	0	0	0	0	0	0	0	0	0	0	0	0	1
25	ERGK004_VCAP_120H:TRCN0000194685:-666	0	0	0	0	0	0	0	0	0	0	0	0	1
26	ERGK004_VCAP_120H:TRCN0000195263:-666	0	0	0	0	0	0	0	0	0	0	0	0	1
27	ERGK004_VCAP_120H:TRCN0000197010:-666	0	0	0	0	0	0	0	0	0	0	0	0	1
28	ERGK005_VCAP_120H:TRCN0000001371:-666	0	0	0	0	0	0	0	0	0	0	0	0	1
29	ERGK005_VCAP_120H:TRCN0000006159:-666	0	0	0	0	0	0	0	0	0	0	0	0	1
30	ERGK008_VCAP_120H:TRCN0000006280:-666	0	0	0	0	0	0	0	0	0	0	0	0	1
31	ERGK008_VCAP_120H:TRCN0000010197:-666	0	0	0	0	0	0	0	0	0	0	0	0	1
32	ERGK009_VCAP_120H:TRCN0000000585:-666	0	0	0	0	0	0	0	0	0	0	0	0	1
33	ERGK009_VCAP_120H:TRCN0000000833:-666	0	0	0	0	0	0	0	0	0	0	0	0	1
34	ERGK009_VCAP_120H:TRCN0000194991:-666	0	0	0	0	0	0	0	0	0	0	0	0	1
35	ERGK009_VCAP_120H:TRCN0000199872:-666	0	0	0	0	0	0	0	0	0	0	0	0	1
36	ERGK010_VCAP_120H:TRCN0000006404:-666	0	0	0	0	0	0	0	0	0	0	0	0	1
37	ERGK010_VCAP_120H:TRCN0000195721:-666	0	0	0	0	0	0	0	0	0	0	0	0	1
38	ERGK013_VCAP_120H:TRCN0000000970:-666	0	0	0	0	0	0	0	0	0	0	0	0	1
39	ERGK013_VCAP_120H:TRCN0000009975:-666	0	0	0	0	0	0	0	0	0	0	0	0	1
40	ERGK013_VCAP_120H:TRCN0000195408:-666	0	0	0	0	0	0	0	0	0	0	0	0	1
41	ERGK013_VCAP_120H:TRCN0000195539:-666	0	0	0	0	0	0	0	0	0	0	0	0	1
42	ERGK014_VCAP_120H:TRCN0000001354:-666	0	0	0	0	0	0	0	0	0	0	0	0	1
43	ERGK015_VCAP_120H:TRCN0000000419:-666	0	0	0	0	0	0	0	0	0	0	0	0	1
44	ERGK016_VCAP_120H:TRCN0000010341:-666	0	0	0	0	0	0	0	0	0	0	0	0	1
45	KDA001_A549_96H:TRCN0000003756:-666	0	1	0	0	0	0	0	0	0	0	0	0	0
46	KDA001_A549_96H:TRCN0000005998:-666	0	1	0	0	0	0	0	0	0	0	0	0	0
47	KDA001_A549_96H:TRCN0000007310:-666	0	1	0	0	0	0	0	0	0	0	0	0	0
48	KDA001_A549_96H:TRCN0000013575:-666	0	1	0	0	0	0	0	0	0	0	0	0	0
49	KDA001_A549_96H:TRCN0000039635:-666	0	1	0	0	0	0	0	0	0	0	0	0	0
50	KDA001_A549_96H:TRCN0000039901:-666	0	1	0	0	0	0	0	0	0	0	0	0	0
51	KDA001_A549_96H:TRCN0000039961:-666	0	1	0	0	0	0	0	0	0	0	0	0	0
52	KDA001_HA1E_96H:TRCN0000001499:-666	0	0	1	0	0	0	0	0	0	0	0	0	0
53	KDA001_HA1E_96H:TRCN0000001620:-666	0	0	1	0	0	0	0	0	0	0	0	0	0
54	KDA001_HA1E_96H:TRCN0000003755:-666	0	0	1	0	0	0	0	0	0	0	0	0	0
55	KDA001_HA1E_96H:TRCN0000005996:-666	0	0	1	0	0	0	0	0	0	0	0	0	0
56	KDA001_HA1E_96H:TRCN0000013575:-666	0	0	1	0	0	0	0	0	0	0	0	0	0
57	KDA001_HA1E_96H:TRCN0000014684:-666	0	0	1	0	0	0	0	0	0	0	0	0	0
58	KDA001_HA1E_96H:TRCN0000039633:-666	0	0	1	0	0	0	0	0	0	0	0	0	0
59	KDA001_HA1E_96H:TRCN0000040038:-666	0	0	1	0	0	0	0	0	0	0	0	0	0
60	KDA001_HT29_96H:TRCN0000005996:-666	0	0	0	0	0	0	1	0	0	0	0	0	0
61	KDA001_HT29_96H:TRCN0000006037:-666	0	0	0	0	0	0	1	0	0	0	0	0	0
62	KDA001_HT29_96H:TRCN0000008027:-666	0	0	0	0	0	0	1	0	0	0	0	0	0
63	KDA001_HT29_96H:TRCN0000010341:-666	0	0	0	0	0	0	1	0	0	0	0	0	0
64	KDA001_HT29_96H:TRCN0000039634:-666	0	0	0	0	0	0	1	0	0	0	0	0	0
65	KDA001_HT29_96H:TRCN0000039961:-666	0	0	0	0	0	0	1	0	0	0	0	0	0
66	KDA001_HT29_96H:TRCN0000040101:-666	0	0	0	0	0	0	1	0	0	0	0	0	0
67	KDA001_MCF7_96H:TRCN0000001617:-666	0	0	0	0	0	0	0	0	1	0	0	0	0
68	KDA001_MCF7_96H:TRCN0000008027:-666	0	0	0	0	0	0	0	0	1	0	0	0	0
69	KDA002_A375_96H:E05	1	0	0	0	0	0	0	0	0	0	0	0	0
70	KDA002_A375_96H:J19	1	0	0	0	0	0	0	0	0	0	0	0	0
71	KDA002_A375_96H:L11	1	0	0	0	0	0	0	0	0	0	0	0	0
72	KDA002_A375_96H:M08	1	0	0	0	0	0	0	0	0	0	0	0	0
73	KDA002_A375_96H:N12	1	0	0	0	0	0	0	0	0	0	0	0	0
74	KDA002_A375_96H:TRCN0000003581:-666	1	0	0	0	0	0	0	0	0	0	0	0	0
75	KDA002_A375_96H:TRCN0000021847:-666	1	0	0	0	0	0	0	0	0	0	0	0	0
76	KDA002_A549_96H:TRCN0000002511:-666	0	1	0	0	0	0	0	0	0	0	0	0	0
77	KDA002_A549_96H:TRCN0000007006:-666	0	1	0	0	0	0	0	0	0	0	0	0	0
78	KDA002_A549_96H:TRCN0000020843:-666	0	1	0	0	0	0	0	0	0	0	0	0	0
79	KDA002_A549_96H:TRCN0000021847:-666	0	1	0	0	0	0	0	0	0	0	0	0	0
80	KDA002_A549_96H:TRCN0000040167:-666	0	1	0	0	0	0	0	0	0	0	0	0	0
81	KDA002_A549_96H:TRCN0000047922:-666	0	1	0	0	0	0	0	0	0	0	0	0	0
82	KDA002_A549_96H:TRCN0000061800:-666	0	1	0	0	0	0	0	0	0	0	0	0	0
83	KDA002_A549_96H:TRCN0000083775:-666	0	1	0	0	0	0	0	0	0	0	0	0	0
84	KDA002_HT29_96H:TRCN0000000583:-666	0	0	0	0	0	0	1	0	0	0	0	0	0
85	KDA002_HT29_96H:TRCN0000002430:-666	0	0	0	0	0	0	1	0	0	0	0	0	0
86	KDA002_HT29_96H:TRCN0000002509:-666	0	0	0	0	0	0	1	0	0	0	0	0	0
87	KDA002_HT29_96H:TRCN0000003551:-666	0	0	0	0	0	0	1	0	0	0	0	0	0
88	KDA002_HT29_96H:TRCN0000021847:-666	0	0	0	0	0	0	1	0	0	0	0	0	0
89	KDA002_HT29_96H:TRCN0000039590:-666	0	0	0	0	0	0	1	0	0	0	0	0	0
90	KDA002_HT29_96H:TRCN0000061801:-666	0	0	0	0	0	0	1	0	0	0	0	0	0
91	KDA002_MCF7_144H:TRCN0000000583:-666	0	0	0	0	0	0	0	0	1	0	0	0	0
92	KDA002_MCF7_144H:TRCN0000061800:-666	0	0	0	0	0	0	0	0	1	0	0	0	0
93	KDA002_MCF7_96H:TRCN0000020843:-666	0	0	0	0	0	0	0	0	1	0	0	0	0
94	KDA002_PC3_144H:TRCN0000000585:-666	0	0	0	0	0	0	0	0	0	1	0	0	0
95	KDA002_PC3_144H:TRCN0000007006:-666	0	0	0	0	0	0	0	0	0	1	0	0	0
96	KDA002_PC3_96H:TRCN0000002429:-666	0	0	0	0	0	0	0	0	0	1	0	0	0
97	KDA002_PC3_96H:TRCN0000003552:-666	0	0	0	0	0	0	0	0	0	1	0	0	0
98	KDA002_VCAP_120H:TRCN0000002512:-666	0	0	0	0	0	0	0	0	0	0	0	0	1
99	KDA002_VCAP_120H:TRCN0000004872:-666	0	0	0	0	0	0	0	0	0	0	0	0	1
100	KDA002_VCAP_120H:TRCN0000019990:-666	0	0	0	0	0	0	0	0	0	0	0	0	1
101	KDA002_VCAP_120H:TRCN0000021846:-666	0	0	0	0	0	0	0	0	0	0	0	0	1
102	KDA002_VCAP_120H:TRCN0000061801:-666	0	0	0	0	0	0	0	0	0	0	0	0	1
103	KDA003_A549_96H:TRCN0000003800:-666	0	1	0	0	0	0	0	0	0	0	0	0	0
104	KDA003_A549_96H:TRCN0000007454:-666	0	1	0	0	0	0	0	0	0	0	0	0	0
105	KDA003_A549_96H:TRCN0000009459:-666	0	1	0	0	0	0	0	0	0	0	0	0	0
106	KDA003_A549_96H:TRCN0000037899:-666	0	1	0	0	0	0	0	0	0	0	0	0	0
107	KDA003_A549_96H:TRCN0000039601:-666	0	1	0	0	0	0	0	0	0	0	0	0	0
108	KDA003_A549_96H:TRCN0000064514:-666	0	1	0	0	0	0	0	0	0	0	0	0	0
109	KDA003_HA1E_96H:TRCN0000000244:-666	0	0	1	0	0	0	0	0	0	0	0	0	0
110	KDA003_HA1E_96H:TRCN0000003799:-666	0	0	1	0	0	0	0	0	0	0	0	0	0
111	KDA003_HA1E_96H:TRCN0000033458:-666	0	0	1	0	0	0	0	0	0	0	0	0	0
112	KDA003_HA1E_96H:TRCN0000064515:-666	0	0	1	0	0	0	0	0	0	0	0	0	0
113	KDA003_HEPG2_96H:TRCN0000010039:-666	0	0	0	0	0	1	0	0	0	0	0	0	0
114	KDA003_HEPG2_96H:TRCN0000056099:-666	0	0	0	0	0	1	0	0	0	0	0	0	0
115	KDA003_HT29_96H:E03	0	0	0	0	0	0	1	0	0	0	0	0	0
116	KDA003_HT29_96H:F23	0	0	0	0	0	0	1	0	0	0	0	0	0
117	KDA003_HT29_96H:G10	0	0	0	0	0	0	1	0	0	0	0	0	0
118	KDA003_HT29_96H:G14	0	0	0	0	0	0	1	0	0	0	0	0	0
119	KDA003_HT29_96H:J15	0	0	0	0	0	0	1	0	0	0	0	0	0
120	KDA003_HT29_96H:TRCN0000002329:-666	0	0	0	0	0	0	1	0	0	0	0	0	0
121	KDA003_HT29_96H:TRCN0000003802:-666	0	0	0	0	0	0	1	0	0	0	0	0	0
122	KDA003_HT29_96H:TRCN0000064517:-666	0	0	0	0	0	0	1	0	0	0	0	0	0
123	KDA003_MCF7_144H:TRCN0000001028:-666	0	0	0	0	0	0	0	0	1	0	0	0	0
124	KDA003_MCF7_144H:TRCN0000003122:-666	0	0	0	0	0	0	0	0	1	0	0	0	0
125	KDA003_MCF7_96H:TRCN0000000247:-666	0	0	0	0	0	0	0	0	1	0	0	0	0
126	KDA003_PC3_96H:TRCN0000000244:-666	0	0	0	0	0	0	0	0	0	1	0	0	0
127	KDA003_VCAP_120H:TRCN0000000244:-666	0	0	0	0	0	0	0	0	0	0	0	0	1
128	KDA003_VCAP_120H:TRCN0000003802:-666	0	0	0	0	0	0	0	0	0	0	0	0	1
129	KDA003_VCAP_120H:TRCN0000010279:-666	0	0	0	0	0	0	0	0	0	0	0	0	1
130	KDA003_VCAP_120H:TRCN0000010424:-666	0	0	0	0	0	0	0	0	0	0	0	0	1
131	KDA003_VCAP_120H:TRCN0000033457:-666	0	0	0	0	0	0	0	0	0	0	0	0	1
132	KDA003_VCAP_120H:TRCN0000064514:-666	0	0	0	0	0	0	0	0	0	0	0	0	1
133	KDA004_A549_96H:TRCN0000001673:-666	0	1	0	0	0	0	0	0	0	0	0	0	0
134	KDA004_A549_96H:TRCN0000006487:-666	0	1	0	0	0	0	0	0	0	0	0	0	0
135	KDA004_A549_96H:TRCN0000020011:-666	0	1	0	0	0	0	0	0	0	0	0	0	0
136	KDA004_A549_96H:TRCN0000021618:-666	0	1	0	0	0	0	0	0	0	0	0	0	0
137	KDA004_A549_96H:TRCN0000029428:-666	0	1	0	0	0	0	0	0	0	0	0	0	0
138	KDA004_HEPG2_96H:TRCN0000001673:-666	0	0	0	0	0	1	0	0	0	0	0	0	0
139	KDA004_HEPG2_96H:TRCN0000003301:-666	0	0	0	0	0	1	0	0	0	0	0	0	0
140	KDA004_HEPG2_96H:TRCN0000006487:-666	0	0	0	0	0	1	0	0	0	0	0	0	0
141	KDA004_HT29_96H:TRCN0000007264:-666	0	0	0	0	0	0	1	0	0	0	0	0	0
142	KDA004_HT29_96H:TRCN0000050913:-666	0	0	0	0	0	0	1	0	0	0	0	0	0
143	KDA004_HT29_96H:TRCN0000057876:-666	0	0	0	0	0	0	1	0	0	0	0	0	0
144	KDA004_HT29_96H:TRCN0000058713:-666	0	0	0	0	0	0	1	0	0	0	0	0	0
145	KDA004_MCF7_144H:TRCN0000003982:-666	0	0	0	0	0	0	0	0	1	0	0	0	0
146	KDA004_MCF7_144H:TRCN0000006406:-666	0	0	0	0	0	0	0	0	1	0	0	0	0
147	KDA004_MCF7_96H:TRCN0000003301:-666	0	0	0	0	0	0	0	0	1	0	0	0	0
148	KDA004_MCF7_96H:TRCN0000006487:-666	0	0	0	0	0	0	0	0	1	0	0	0	0
149	KDA004_PC3_96H:TRCN0000003982:-666	0	0	0	0	0	0	0	0	0	1	0	0	0
150	KDA004_VCAP_120H:I12	0	0	0	0	0	0	0	0	0	0	0	0	1
151	KDA005_A549_96H:TRCN0000003359:-666	0	1	0	0	0	0	0	0	0	0	0	0	0
152	KDA005_A549_96H:TRCN0000007304:-666	0	1	0	0	0	0	0	0	0	0	0	0	0
153	KDA005_A549_96H:TRCN0000039797:-666	0	1	0	0	0	0	0	0	0	0	0	0	0
154	KDA005_A549_96H:TRCN0000040011:-666	0	1	0	0	0	0	0	0	0	0	0	0	0
155	KDA005_A549_96H:TRCN0000312623:-666	0	1	0	0	0	0	0	0	0	0	0	0	0
156	KDA005_HA1E_96H:TRCN0000039796:-666	0	0	1	0	0	0	0	0	0	0	0	0	0
157	KDA005_HA1E_96H:TRCN0000083416:-666	0	0	1	0	0	0	0	0	0	0	0	0	0
158	KDA005_HA1E_96H:TRCN0000338343:-666	0	0	1	0	0	0	0	0	0	0	0	0	0
159	KDA005_HT29_96H:TRCN0000003359:-666	0	0	0	0	0	0	1	0	0	0	0	0	0
160	KDA005_HT29_96H:TRCN0000007235:-666	0	0	0	0	0	0	1	0	0	0	0	0	0
161	KDA005_HT29_96H:TRCN0000007304:-666	0	0	0	0	0	0	1	0	0	0	0	0	0
162	KDA005_HT29_96H:TRCN0000051088:-666	0	0	0	0	0	0	1	0	0	0	0	0	0
163	KDA005_HT29_96H:TRCN0000308110:-666	0	0	0	0	0	0	1	0	0	0	0	0	0
164	KDA005_HT29_96H:TRCN0000312623:-666	0	0	0	0	0	0	1	0	0	0	0	0	0
165	KDA005_HT29_96H:TRCN0000330669:-666	0	0	0	0	0	0	1	0	0	0	0	0	0
166	KDA005_HT29_96H:TRCN0000344491:-666	0	0	0	0	0	0	1	0	0	0	0	0	0
167	KDA005_MCF7_144H:TRCN0000039797:-666	0	0	0	0	0	0	0	0	1	0	0	0	0
168	KDA005_MCF7_96H:TRCN0000004265:-666	0	0	0	0	0	0	0	0	1	0	0	0	0
169	KDA005_MCF7_96H:TRCN0000029788:-666	0	0	0	0	0	0	0	0	1	0	0	0	0
170	KDA005_MCF7_96H:TRCN0000057564:-666	0	0	0	0	0	0	0	0	1	0	0	0	0
171	KDA005_MCF7_96H:TRCN0000327686:-666	0	0	0	0	0	0	0	0	1	0	0	0	0
172	KDA005_PC3_144H:TRCN0000029784:-666	0	0	0	0	0	0	0	0	0	1	0	0	0
173	KDA005_PC3_144H:TRCN0000308110:-666	0	0	0	0	0	0	0	0	0	1	0	0	0
174	KDA005_PC3_96H:TRCN0000004265:-666	0	0	0	0	0	0	0	0	0	1	0	0	0
175	KDA005_PC3_96H:TRCN0000007237:-666	0	0	0	0	0	0	0	0	0	1	0	0	0
176	KDA005_PC3_96H:TRCN0000051092:-666	0	0	0	0	0	0	0	0	0	1	0	0	0
177	KDA005_PC3_96H:TRCN0000312623:-666	0	0	0	0	0	0	0	0	0	1	0	0	0
178	KDA005_VCAP_120H:TRCN0000007235:-666	0	0	0	0	0	0	0	0	0	0	0	0	1
179	KDA005_VCAP_120H:TRCN0000007307:-666	0	0	0	0	0	0	0	0	0	0	0	0	1
180	KDA005_VCAP_120H:TRCN0000029354:-666	0	0	0	0	0	0	0	0	0	0	0	0	1
181	KDA006_A375_96H:TRCN0000004866:-666	1	0	0	0	0	0	0	0	0	0	0	0	0
182	KDA006_A375_96H:TRCN0000029517:-666	1	0	0	0	0	0	0	0	0	0	0	0	0
183	KDA006_A375_96H:TRCN0000199983:-666	1	0	0	0	0	0	0	0	0	0	0	0	0
184	KDA006_A375_96H:TRCN0000294474:-666	1	0	0	0	0	0	0	0	0	0	0	0	0
185	KDA006_A375_96H:TRCN0000295864:-666	1	0	0	0	0	0	0	0	0	0	0	0	0
186	KDA006_A375_96H:TRCN0000320546:-666	1	0	0	0	0	0	0	0	0	0	0	0	0
187	KDA006_A375_96H:TRCN0000372724:-666	1	0	0	0	0	0	0	0	0	0	0	0	0
188	KDA006_A549_96H:TRCN0000004866:-666	0	1	0	0	0	0	0	0	0	0	0	0	0
189	KDA006_A549_96H:TRCN0000010036:-666	0	1	0	0	0	0	0	0	0	0	0	0	0
190	KDA006_A549_96H:TRCN0000195112:-666	0	1	0	0	0	0	0	0	0	0	0	0	0
191	KDA006_HA1E_96H:TRCN0000195112:-666	0	0	1	0	0	0	0	0	0	0	0	0	0
192	KDA006_HA1E_96H:TRCN0000196401:-666	0	0	1	0	0	0	0	0	0	0	0	0	0
193	KDA006_HA1E_96H:TRCN0000315072:-666	0	0	1	0	0	0	0	0	0	0	0	0	0
194	KDA006_HEPG2_96H:TRCN0000010037:-666	0	0	0	0	0	1	0	0	0	0	0	0	0
195	KDA006_HEPG2_96H:TRCN0000199983:-666	0	0	0	0	0	1	0	0	0	0	0	0	0
196	KDA006_HEPG2_96H:TRCN0000287021:-666	0	0	0	0	0	1	0	0	0	0	0	0	0
197	KDA006_HEPG2_96H:TRCN0000315072:-666	0	0	0	0	0	1	0	0	0	0	0	0	0
198	KDA006_HT29_96H:TRCN0000000898:-666	0	0	0	0	0	0	1	0	0	0	0	0	0
199	KDA006_HT29_96H:TRCN0000004868:-666	0	0	0	0	0	0	1	0	0	0	0	0	0
200	KDA006_HT29_96H:TRCN0000010037:-666	0	0	0	0	0	0	1	0	0	0	0	0	0
201	KDA006_HT29_96H:TRCN0000121293:-666	0	0	0	0	0	0	1	0	0	0	0	0	0
202	KDA006_HT29_96H:TRCN0000196401:-666	0	0	0	0	0	0	1	0	0	0	0	0	0
203	KDA006_HT29_96H:TRCN0000320546:-666	0	0	0	0	0	0	1	0	0	0	0	0	0
204	KDA006_MCF7_144H:TRCN0000199983:-666	0	0	0	0	0	0	0	0	1	0	0	0	0
205	KDA006_PC3_144H:TRCN0000029517:-666	0	0	0	0	0	0	0	0	0	1	0	0	0
206	KDA006_PC3_144H:TRCN0000218326:-666	0	0	0	0	0	0	0	0	0	1	0	0	0
207	KDA006_PC3_144H:TRCN0000277916:-666	0	0	0	0	0	0	0	0	0	1	0	0	0
208	KDA006_PC3_96H:TRCN0000008337:-666	0	0	0	0	0	0	0	0	0	1	0	0	0
209	KDA006_PC3_96H:TRCN0000018917:-666	0	0	0	0	0	0	0	0	0	1	0	0	0
210	KDA006_PC3_96H:TRCN0000273985:-666	0	0	0	0	0	0	0	0	0	1	0	0	0
211	KDA006_PC3_96H:TRCN0000290470:-666	0	0	0	0	0	0	0	0	0	1	0	0	0
212	KDA006_PC3_96H:TRCN0000372724:-666	0	0	0	0	0	0	0	0	0	1	0	0	0
213	KDA006_VCAP_120H:TRCN0000004866:-666	0	0	0	0	0	0	0	0	0	0	0	0	1
214	KDA006_VCAP_120H:TRCN0000278333:-666	0	0	0	0	0	0	0	0	0	0	0	0	1
215	KDA007_A549_96H:TRCN0000002859:-666	0	1	0	0	0	0	0	0	0	0	0	0	0
216	KDA007_A549_96H:TRCN0000003176:-666	0	1	0	0	0	0	0	0	0	0	0	0	0
217	KDA007_A549_96H:TRCN0000053612:-666	0	1	0	0	0	0	0	0	0	0	0	0	0
218	KDA007_A549_96H:TRCN0000298869:-666	0	1	0	0	0	0	0	0	0	0	0	0	0
219	KDA007_HA1E_96H:TRCN0000002856:-666	0	0	1	0	0	0	0	0	0	0	0	0	0
220	KDA007_HA1E_96H:TRCN0000047485:-666	0	0	1	0	0	0	0	0	0	0	0	0	0
221	KDA007_HA1E_96H:TRCN0000338202:-666	0	0	1	0	0	0	0	0	0	0	0	0	0
222	KDA007_HT29_96H:A18	0	0	0	0	0	0	1	0	0	0	0	0	0
223	KDA007_HT29_96H:D10	0	0	0	0	0	0	1	0	0	0	0	0	0
224	KDA007_HT29_96H:H19	0	0	0	0	0	0	1	0	0	0	0	0	0
225	KDA007_HT29_96H:TRCN0000002859:-666	0	0	0	0	0	0	1	0	0	0	0	0	0
226	KDA007_HT29_96H:TRCN0000053612:-666	0	0	0	0	0	0	1	0	0	0	0	0	0
227	KDA007_MCF7_144H:TRCN0000036463:-666	0	0	0	0	0	0	0	0	1	0	0	0	0
228	KDA007_MCF7_144H:TRCN0000298856:-666	0	0	0	0	0	0	0	0	1	0	0	0	0
229	KDA007_MCF7_96H:J04	0	0	0	0	0	0	0	0	1	0	0	0	0
230	KDA007_MCF7_96H:L15	0	0	0	0	0	0	0	0	1	0	0	0	0
231	KDA007_MCF7_96H:M14	0	0	0	0	0	0	0	0	1	0	0	0	0
232	KDA007_PC3_144H:TRCN0000053612:-666	0	0	0	0	0	0	0	0	0	1	0	0	0
233	KDA007_PC3_144H:TRCN0000298856:-666	0	0	0	0	0	0	0	0	0	1	0	0	0
234	KDA007_PC3_96H:A19	0	0	0	0	0	0	0	0	0	1	0	0	0
235	KDA007_PC3_96H:B14	0	0	0	0	0	0	0	0	0	1	0	0	0
236	KDA007_PC3_96H:G06	0	0	0	0	0	0	0	0	0	1	0	0	0
237	KDA007_PC3_96H:H06	0	0	0	0	0	0	0	0	0	1	0	0	0
238	KDA007_VCAP_120H:TRCN0000003176:-666	0	0	0	0	0	0	0	0	0	0	0	0	1
239	KDA007_VCAP_120H:TRCN0000047480:-666	0	0	0	0	0	0	0	0	0	0	0	0	1
240	KDA007_VCAP_120H:TRCN0000047485:-666	0	0	0	0	0	0	0	0	0	0	0	0	1
241	KDA007_VCAP_120H:TRCN0000074916:-666	0	0	0	0	0	0	0	0	0	0	0	0	1
242	KDA007_VCAP_120H:TRCN0000274209:-666	0	0	0	0	0	0	0	0	0	0	0	0	1
243	KDA007_VCAP_120H:TRCN0000335821:-666	0	0	0	0	0	0	0	0	0	0	0	0	1
244	KDA008_A375_96H:TRCN0000010291:-666	1	0	0	0	0	0	0	0	0	0	0	0	0
245	KDA008_A375_96H:TRCN0000256865:-666	1	0	0	0	0	0	0	0	0	0	0	0	0
246	KDA008_A549_96H:TRCN0000010291:-666	0	1	0	0	0	0	0	0	0	0	0	0	0
247	KDA008_A549_96H:TRCN0000047712:-666	0	1	0	0	0	0	0	0	0	0	0	0	0
248	KDA008_A549_96H:TRCN0000052437:-666	0	1	0	0	0	0	0	0	0	0	0	0	0
249	KDA008_A549_96H:TRCN0000219681:-666	0	1	0	0	0	0	0	0	0	0	0	0	0
250	KDA008_A549_96H:TRCN0000256866:-666	0	1	0	0	0	0	0	0	0	0	0	0	0
251	KDA008_A549_96H:TRCN0000272578:-666	0	1	0	0	0	0	0	0	0	0	0	0	0
252	KDA008_HA1E_96H:TRCN0000039718:-666	0	0	1	0	0	0	0	0	0	0	0	0	0
253	KDA008_HA1E_96H:TRCN0000196850:-666	0	0	1	0	0	0	0	0	0	0	0	0	0
254	KDA008_HA1E_96H:TRCN0000279826:-666	0	0	1	0	0	0	0	0	0	0	0	0	0
255	KDA008_HCC515_96H:TRCN0000272514:-666	0	0	0	1	0	0	0	0	0	0	0	0	0
256	KDA008_HEPG2_96H:TRCN0000001829:-666	0	0	0	0	0	1	0	0	0	0	0	0	0
257	KDA008_HEPG2_96H:TRCN0000006373:-666	0	0	0	0	0	1	0	0	0	0	0	0	0
258	KDA008_HEPG2_96H:TRCN0000010291:-666	0	0	0	0	0	1	0	0	0	0	0	0	0
259	KDA008_HEPG2_96H:TRCN0000047700:-666	0	0	0	0	0	1	0	0	0	0	0	0	0
260	KDA008_HEPG2_96H:TRCN0000047710:-666	0	0	0	0	0	1	0	0	0	0	0	0	0
261	KDA008_HEPG2_96H:TRCN0000052434:-666	0	0	0	0	0	1	0	0	0	0	0	0	0
262	KDA008_HEPG2_96H:TRCN0000256866:-666	0	0	0	0	0	1	0	0	0	0	0	0	0
263	KDA008_HEPG2_96H:TRCN0000272578:-666	0	0	0	0	0	1	0	0	0	0	0	0	0
264	KDA008_HT29_96H:TRCN0000001832:-666	0	0	0	0	0	0	1	0	0	0	0	0	0
265	KDA008_HT29_96H:TRCN0000047710:-666	0	0	0	0	0	0	1	0	0	0	0	0	0
266	KDA008_HT29_96H:TRCN0000052435:-666	0	0	0	0	0	0	1	0	0	0	0	0	0
267	KDA008_HT29_96H:TRCN0000231918:-666	0	0	0	0	0	0	1	0	0	0	0	0	0
268	KDA008_HT29_96H:TRCN0000256866:-666	0	0	0	0	0	0	1	0	0	0	0	0	0
269	KDA008_MCF7_144H:TRCN0000001829:-666	0	0	0	0	0	0	0	0	1	0	0	0	0
270	KDA008_MCF7_144H:TRCN0000052437:-666	0	0	0	0	0	0	0	0	1	0	0	0	0
271	KDA008_MCF7_144H:TRCN0000256866:-666	0	0	0	0	0	0	0	0	1	0	0	0	0
272	KDA008_MCF7_96H:L20	0	0	0	0	0	0	0	0	1	0	0	0	0
273	KDA008_MCF7_96H:M23	0	0	0	0	0	0	0	0	1	0	0	0	0
274	KDA008_PC3_96H:B06	0	0	0	0	0	0	0	0	0	1	0	0	0
275	KDA008_PC3_96H:C19	0	0	0	0	0	0	0	0	0	1	0	0	0
276	KDA008_PC3_96H:H24	0	0	0	0	0	0	0	0	0	1	0	0	0
277	KDA008_PC3_96H:K04	0	0	0	0	0	0	0	0	0	1	0	0	0
278	KDA008_PC3_96H:L13	0	0	0	0	0	0	0	0	0	1	0	0	0
279	KDA008_PC3_96H:M23	0	0	0	0	0	0	0	0	0	1	0	0	0
280	KDA008_PC3_96H:N02	0	0	0	0	0	0	0	0	0	1	0	0	0
281	KDA008_VCAP_120H:TRCN0000038150:-666	0	0	0	0	0	0	0	0	0	0	0	0	1
282	KDA009_A549_96H:TRCN0000000415:-666	0	1	0	0	0	0	0	0	0	0	0	0	0
283	KDA009_A549_96H:TRCN0000057743:-666	0	1	0	0	0	0	0	0	0	0	0	0	0
284	KDA009_A549_96H:TRCN0000197144:-666	0	1	0	0	0	0	0	0	0	0	0	0	0
285	KDA009_A549_96H:TRCN0000298256:-666	0	1	0	0	0	0	0	0	0	0	0	0	0
286	KDA009_HEPG2_96H:TRCN0000235518:-666	0	0	0	0	0	1	0	0	0	0	0	0	0
287	KDA009_HEPG2_96H:TRCN0000294182:-666	0	0	0	0	0	1	0	0	0	0	0	0	0
288	KDA009_HT29_96H:TRCN0000000413:-666	0	0	0	0	0	0	1	0	0	0	0	0	0
289	KDA009_HT29_96H:TRCN0000010531:-666	0	0	0	0	0	0	1	0	0	0	0	0	0
290	KDA009_HT29_96H:TRCN0000062712:-666	0	0	0	0	0	0	1	0	0	0	0	0	0
291	KDA009_HT29_96H:TRCN0000194821:-666	0	0	0	0	0	0	1	0	0	0	0	0	0
292	KDA009_HT29_96H:TRCN0000271277:-666	0	0	0	0	0	0	1	0	0	0	0	0	0
293	KDA009_HT29_96H:TRCN0000272637:-666	0	0	0	0	0	0	1	0	0	0	0	0	0
294	KDA009_HT29_96H:TRCN0000298256:-666	0	0	0	0	0	0	1	0	0	0	0	0	0
295	KDA009_HT29_96H:TRCN0000300284:-666	0	0	0	0	0	0	1	0	0	0	0	0	0
296	KDA009_HT29_96H:TRCN0000307027:-666	0	0	0	0	0	0	1	0	0	0	0	0	0
297	KDA009_HT29_96H:TRCN0000350280:-666	0	0	0	0	0	0	1	0	0	0	0	0	0
298	KDA009_MCF7_144H:TRCN0000116255:-666	0	0	0	0	0	0	0	0	1	0	0	0	0
299	KDA009_MCF7_144H:TRCN0000294182:-666	0	0	0	0	0	0	0	0	1	0	0	0	0
300	KDA009_MCF7_144H:TRCN0000327898:-666	0	0	0	0	0	0	0	0	1	0	0	0	0
301	KDA009_MCF7_144H:TRCN0000350280:-666	0	0	0	0	0	0	0	0	1	0	0	0	0
302	KDA009_MCF7_96H:TRCN0000040049:-666	0	0	0	0	0	0	0	0	1	0	0	0	0
303	KDA009_MCF7_96H:TRCN0000272637:-666	0	0	0	0	0	0	0	0	1	0	0	0	0
304	KDA009_PC3_144H:TRCN0000300284:-666	0	0	0	0	0	0	0	0	0	1	0	0	0
305	KDA009_PC3_96H:TRCN0000000413:-666	0	0	0	0	0	0	0	0	0	1	0	0	0
306	KDA009_PC3_96H:TRCN0000294182:-666	0	0	0	0	0	0	0	0	0	1	0	0	0
307	KDA009_PC3_96H:TRCN0000307027:-666	0	0	0	0	0	0	0	0	0	1	0	0	0
308	KDA009_PC3_96H:TRCN0000327898:-666	0	0	0	0	0	0	0	0	0	1	0	0	0
309	KDA009_PC3_96H:TRCN0000350280:-666	0	0	0	0	0	0	0	0	0	1	0	0	0
310	KDA009_PC3_96H:TRCN0000359256:-666	0	0	0	0	0	0	0	0	0	1	0	0	0
311	KDA009_VCAP_120H:TRCN0000303682:-666	0	0	0	0	0	0	0	0	0	0	0	0	1
312	KDA010_A375_96H:TRCN0000052637:-666	1	0	0	0	0	0	0	0	0	0	0	0	0
313	KDA010_HEPG2_96H:TRCN0000009876:-666	0	0	0	0	0	1	0	0	0	0	0	0	0
314	KDA010_HEPG2_96H:TRCN0000218492:-666	0	0	0	0	0	1	0	0	0	0	0	0	0
315	KDA010_HEPG2_96H:TRCN0000226715:-666	0	0	0	0	0	1	0	0	0	0	0	0	0
316	KDA010_HT29_96H:TRCN0000017279:-666	0	0	0	0	0	0	1	0	0	0	0	0	0
317	KDA010_HT29_96H:TRCN0000205744:-666	0	0	0	0	0	0	1	0	0	0	0	0	0
318	KDA010_HT29_96H:TRCN0000288586:-666	0	0	0	0	0	0	1	0	0	0	0	0	0
319	KDA010_MCF7_96H:TRCN0000057505:-666	0	0	0	0	0	0	0	0	1	0	0	0	0
320	KDA010_PC3_144H:TRCN0000072498:-666	0	0	0	0	0	0	0	0	0	1	0	0	0
321	KDA010_PC3_96H:TRCN0000003845:-666	0	0	0	0	0	0	0	0	0	1	0	0	0
322	KDA010_PC3_96H:TRCN0000022144:-666	0	0	0	0	0	0	0	0	0	1	0	0	0
323	KDA010_PC3_96H:TRCN0000040268:-666	0	0	0	0	0	0	0	0	0	1	0	0	0
324	KDB002_A375_96H:TRCN0000122913:-666	1	0	0	0	0	0	0	0	0	0	0	0	0
325	KDB002_A375_96H:TRCN0000330319:-666	1	0	0	0	0	0	0	0	0	0	0	0	0
326	KDB002_A549_96H:TRCN0000330318:-666	0	1	0	0	0	0	0	0	0	0	0	0	0
327	KDB002_A549_96H:TRCN0000344308:-666	0	1	0	0	0	0	0	0	0	0	0	0	0
328	KDB002_HA1E_96H:TRCN0000330319:-666	0	0	1	0	0	0	0	0	0	0	0	0	0
329	KDB002_HA1E_96H:TRCN0000344308:-666	0	0	1	0	0	0	0	0	0	0	0	0	0
330	KDB002_HCC515_96H:TRCN0000330319:-666	0	0	0	1	0	0	0	0	0	0	0	0	0
331	KDB002_HEPG2_96H:TRCN0000122910:-666	0	0	0	0	0	1	0	0	0	0	0	0	0
332	KDB002_HEPG2_96H:TRCN0000122987:-666	0	0	0	0	0	1	0	0	0	0	0	0	0
333	KDB002_HEPG2_96H:TRCN0000330318:-666	0	0	0	0	0	1	0	0	0	0	0	0	0
334	KDB002_HT29_96H:TRCN0000122910:-666	0	0	0	0	0	0	1	0	0	0	0	0	0
335	KDB002_MCF7_144H:TRCN0000122913:-666	0	0	0	0	0	0	0	0	1	0	0	0	0
336	KDB002_MCF7_144H:TRCN0000179133:-666	0	0	0	0	0	0	0	0	1	0	0	0	0
337	KDB003_A375_96H:TRCN0000052437:-666	1	0	0	0	0	0	0	0	0	0	0	0	0
338	KDB003_A375_96H:TRCN0000053342:-666	1	0	0	0	0	0	0	0	0	0	0	0	0
339	KDB003_A375_96H:TRCN0000278506:-666	1	0	0	0	0	0	0	0	0	0	0	0	0
340	KDB003_A375_96H:TRCN0000286555:-666	1	0	0	0	0	0	0	0	0	0	0	0	0
341	KDB003_HA1E_96H:TRCN0000000590:-666	0	0	1	0	0	0	0	0	0	0	0	0	0
342	KDB003_HA1E_96H:TRCN0000029514:-666	0	0	1	0	0	0	0	0	0	0	0	0	0
343	KDB003_HA1E_96H:TRCN0000053339:-666	0	0	1	0	0	0	0	0	0	0	0	0	0
344	KDB003_HCC515_96H:TRCN0000029514:-666	0	0	0	1	0	0	0	0	0	0	0	0	0
345	KDB003_HCC515_96H:TRCN0000039642:-666	0	0	0	1	0	0	0	0	0	0	0	0	0
346	KDB003_HCC515_96H:TRCN0000052435:-666	0	0	0	1	0	0	0	0	0	0	0	0	0
347	KDB003_HCC515_96H:TRCN0000053341:-666	0	0	0	1	0	0	0	0	0	0	0	0	0
348	KDB003_HCC515_96H:TRCN0000058695:-666	0	0	0	1	0	0	0	0	0	0	0	0	0
349	KDB003_HCC515_96H:TRCN0000148120:-666	0	0	0	1	0	0	0	0	0	0	0	0	0
350	KDB003_HCC515_96H:TRCN0000286555:-666	0	0	0	1	0	0	0	0	0	0	0	0	0
351	KDB003_HEPG2_96H:TRCN0000029518:-666	0	0	0	0	0	1	0	0	0	0	0	0	0
352	KDB003_HEPG2_96H:TRCN0000039961:-666	0	0	0	0	0	1	0	0	0	0	0	0	0
353	KDB003_HEPG2_96H:TRCN0000053339:-666	0	0	0	0	0	1	0	0	0	0	0	0	0
354	KDB003_HEPG2_96H:TRCN0000148120:-666	0	0	0	0	0	1	0	0	0	0	0	0	0
355	KDB003_HEPG2_96H:TRCN0000286555:-666	0	0	0	0	0	1	0	0	0	0	0	0	0
356	KDB003_HT29_96H:A15	0	0	0	0	0	0	1	0	0	0	0	0	0
357	KDB003_HT29_96H:B13	0	0	0	0	0	0	1	0	0	0	0	0	0
358	KDB003_HT29_96H:N01	0	0	0	0	0	0	1	0	0	0	0	0	0
359	KDB003_HT29_96H:P12	0	0	0	0	0	0	1	0	0	0	0	0	0
360	KDB003_HT29_96H:TRCN0000278506:-666	0	0	0	0	0	0	1	0	0	0	0	0	0
361	KDB003_MCF7_144H:TRCN0000029517:-666	0	0	0	0	0	0	0	0	1	0	0	0	0
362	KDB003_MCF7_144H:TRCN0000039722:-666	0	0	0	0	0	0	0	0	1	0	0	0	0
363	KDB003_MCF7_144H:TRCN0000053342:-666	0	0	0	0	0	0	0	0	1	0	0	0	0
364	KDB003_MCF7_144H:TRCN0000058694:-666	0	0	0	0	0	0	0	0	1	0	0	0	0
365	KDB003_MCF7_144H:TRCN0000123136:-666	0	0	0	0	0	0	0	0	1	0	0	0	0
366	KDB003_MCF7_144H:TRCN0000148120:-666	0	0	0	0	0	0	0	0	1	0	0	0	0
367	KDB003_PC3_144H:TRCN0000039722:-666	0	0	0	0	0	0	0	0	0	1	0	0	0
368	KDB003_PC3_144H:TRCN0000053342:-666	0	0	0	0	0	0	0	0	0	1	0	0	0
369	KDB003_PC3_144H:TRCN0000278506:-666	0	0	0	0	0	0	0	0	0	1	0	0	0
370	KDB003_PC3_144H:TRCN0000286555:-666	0	0	0	0	0	0	0	0	0	1	0	0	0
371	KDB004_A375_96H:TRCN0000000945:-666	1	0	0	0	0	0	0	0	0	0	0	0	0
372	KDB004_A375_96H:TRCN0000010201:-666	1	0	0	0	0	0	0	0	0	0	0	0	0
373	KDB004_A375_96H:TRCN0000020013:-666	1	0	0	0	0	0	0	0	0	0	0	0	0
374	KDB004_A375_96H:TRCN0000039878:-666	1	0	0	0	0	0	0	0	0	0	0	0	0
375	KDB004_A375_96H:TRCN0000056967:-666	1	0	0	0	0	0	0	0	0	0	0	0	0
376	KDB004_A375_96H:TRCN0000060253:-666	1	0	0	0	0	0	0	0	0	0	0	0	0
377	KDB004_A549_96H:TRCN0000005442:-666	0	1	0	0	0	0	0	0	0	0	0	0	0
378	KDB004_A549_96H:TRCN0000039878:-666	0	1	0	0	0	0	0	0	0	0	0	0	0
379	KDB004_A549_96H:TRCN0000040126:-666	0	1	0	0	0	0	0	0	0	0	0	0	0
380	KDB004_A549_96H:TRCN0000056967:-666	0	1	0	0	0	0	0	0	0	0	0	0	0
381	KDB004_A549_96H:TRCN0000060257:-666	0	1	0	0	0	0	0	0	0	0	0	0	0
382	KDB004_HA1E_96H:TRCN0000000945:-666	0	0	1	0	0	0	0	0	0	0	0	0	0
383	KDB004_HA1E_96H:TRCN0000010201:-666	0	0	1	0	0	0	0	0	0	0	0	0	0
384	KDB004_HA1E_96H:TRCN0000060255:-666	0	0	1	0	0	0	0	0	0	0	0	0	0
385	KDB004_HCC515_96H:TRCN0000005442:-666	0	0	0	1	0	0	0	0	0	0	0	0	0
386	KDB004_HCC515_96H:TRCN0000010341:-666	0	0	0	1	0	0	0	0	0	0	0	0	0
387	KDB004_HCC515_96H:TRCN0000020009:-666	0	0	0	1	0	0	0	0	0	0	0	0	0
388	KDB004_HCC515_96H:TRCN0000056964:-666	0	0	0	1	0	0	0	0	0	0	0	0	0
389	KDB004_HT29_96H:TRCN0000000970:-666	0	0	0	0	0	0	1	0	0	0	0	0	0
390	KDB004_HT29_96H:TRCN0000010198:-666	0	0	0	0	0	0	1	0	0	0	0	0	0
391	KDB004_HT29_96H:TRCN0000010401:-666	0	0	0	0	0	0	1	0	0	0	0	0	0
392	KDB004_HT29_96H:TRCN0000040071:-666	0	0	0	0	0	0	1	0	0	0	0	0	0
393	KDB004_HT29_96H:TRCN0000056966:-666	0	0	0	0	0	0	1	0	0	0	0	0	0
394	KDB004_HT29_96H:TRCN0000060253:-666	0	0	0	0	0	0	1	0	0	0	0	0	0
395	KDB004_MCF7_144H:TRCN0000005442:-666	0	0	0	0	0	0	0	0	1	0	0	0	0
396	KDB004_MCF7_144H:TRCN0000010200:-666	0	0	0	0	0	0	0	0	1	0	0	0	0
397	KDB004_MCF7_144H:TRCN0000020009:-666	0	0	0	0	0	0	0	0	1	0	0	0	0
398	KDB004_MCF7_144H:TRCN0000056967:-666	0	0	0	0	0	0	0	0	1	0	0	0	0
399	KDB004_MCF7_144H:TRCN0000060255:-666	0	0	0	0	0	0	0	0	1	0	0	0	0
400	KDB004_PC3_144H:TRCN0000000970:-666	0	0	0	0	0	0	0	0	0	1	0	0	0
401	KDB004_PC3_144H:TRCN0000056966:-666	0	0	0	0	0	0	0	0	0	1	0	0	0
402	KDB005_A375_96H:TRCN0000010193:-666	1	0	0	0	0	0	0	0	0	0	0	0	0
403	KDB005_A375_96H:TRCN0000116253:-666	1	0	0	0	0	0	0	0	0	0	0	0	0
404	KDB005_A549_96H:G24	0	1	0	0	0	0	0	0	0	0	0	0	0
405	KDB005_A549_96H:TRCN0000000583:-666	0	1	0	0	0	0	0	0	0	0	0	0	0
406	KDB005_A549_96H:TRCN0000010203:-666	0	1	0	0	0	0	0	0	0	0	0	0	0
407	KDB005_A549_96H:TRCN0000055436:-666	0	1	0	0	0	0	0	0	0	0	0	0	0
408	KDB005_A549_96H:TRCN0000116253:-666	0	1	0	0	0	0	0	0	0	0	0	0	0
409	KDB005_HA1E_96H:TRCN0000000582:-666	0	0	1	0	0	0	0	0	0	0	0	0	0
410	KDB005_HA1E_96H:TRCN0000010193:-666	0	0	1	0	0	0	0	0	0	0	0	0	0
411	KDB005_HA1E_96H:TRCN0000055436:-666	0	0	1	0	0	0	0	0	0	0	0	0	0
412	KDB005_HCC515_96H:TRCN0000000618:-666	0	0	0	1	0	0	0	0	0	0	0	0	0
413	KDB005_HCC515_96H:TRCN0000003549:-666	0	0	0	1	0	0	0	0	0	0	0	0	0
414	KDB005_HCC515_96H:TRCN0000029080:-666	0	0	0	1	0	0	0	0	0	0	0	0	0
415	KDB005_HCC515_96H:TRCN0000029787:-666	0	0	0	1	0	0	0	0	0	0	0	0	0
416	KDB005_HCC515_96H:TRCN0000039590:-666	0	0	0	1	0	0	0	0	0	0	0	0	0
417	KDB005_HCC515_96H:TRCN0000116253:-666	0	0	0	1	0	0	0	0	0	0	0	0	0
418	KDB005_HEPG2_96H:TRCN0000010202:-666	0	0	0	0	0	1	0	0	0	0	0	0	0
419	KDB005_HEPG2_96H:TRCN0000053611:-666	0	0	0	0	0	1	0	0	0	0	0	0	0
420	KDB005_HEPG2_96H:TRCN0000055436:-666	0	0	0	0	0	1	0	0	0	0	0	0	0
421	KDB005_MCF7_144H:TRCN0000000618:-666	0	0	0	0	0	0	0	0	1	0	0	0	0
422	KDB005_MCF7_144H:TRCN0000053609:-666	0	0	0	0	0	0	0	0	1	0	0	0	0
423	KDB005_VCAP_120H:TRCN0000116253:-666	0	0	0	0	0	0	0	0	0	0	0	0	1
424	KDB006_A375_96H:TRCN0000000424:-666	1	0	0	0	0	0	0	0	0	0	0	0	0
425	KDB006_A375_96H:TRCN0000001832:-666	1	0	0	0	0	0	0	0	0	0	0	0	0
426	KDB006_A375_96H:TRCN0000003174:-666	1	0	0	0	0	0	0	0	0	0	0	0	0
427	KDB006_A375_96H:TRCN0000010174:-666	1	0	0	0	0	0	0	0	0	0	0	0	0
428	KDB006_A375_96H:TRCN0000047486:-666	1	0	0	0	0	0	0	0	0	0	0	0	0
429	KDB006_A375_96H:TRCN0000056270:-666	1	0	0	0	0	0	0	0	0	0	0	0	0
430	KDB006_A375_96H:TRCN0000057830:-666	1	0	0	0	0	0	0	0	0	0	0	0	0
431	KDB006_A549_96H:TRCN0000000424:-666	0	1	0	0	0	0	0	0	0	0	0	0	0
432	KDB006_A549_96H:TRCN0000018916:-666	0	1	0	0	0	0	0	0	0	0	0	0	0
433	KDB006_A549_96H:TRCN0000047487:-666	0	1	0	0	0	0	0	0	0	0	0	0	0
434	KDB006_A549_96H:TRCN0000056269:-666	0	1	0	0	0	0	0	0	0	0	0	0	0
435	KDB006_A549_96H:TRCN0000057829:-666	0	1	0	0	0	0	0	0	0	0	0	0	0
436	KDB006_HA1E_96H:TRCN0000018916:-666	0	0	1	0	0	0	0	0	0	0	0	0	0
437	KDB006_HCC515_96H:TRCN0000003173:-666	0	0	0	1	0	0	0	0	0	0	0	0	0
438	KDB006_HCC515_96H:TRCN0000010036:-666	0	0	0	1	0	0	0	0	0	0	0	0	0
439	KDB006_HCC515_96H:TRCN0000010361:-666	0	0	0	1	0	0	0	0	0	0	0	0	0
440	KDB006_HCC515_96H:TRCN0000018917:-666	0	0	0	1	0	0	0	0	0	0	0	0	0
441	KDB006_HCC515_96H:TRCN0000047483:-666	0	0	0	1	0	0	0	0	0	0	0	0	0
442	KDB006_HCC515_96H:TRCN0000056269:-666	0	0	0	1	0	0	0	0	0	0	0	0	0
443	KDB006_HEPG2_96H:TRCN0000003174:-666	0	0	0	0	0	1	0	0	0	0	0	0	0
444	KDB006_HEPG2_96H:TRCN0000010361:-666	0	0	0	0	0	1	0	0	0	0	0	0	0
445	KDB006_HEPG2_96H:TRCN0000039797:-666	0	0	0	0	0	1	0	0	0	0	0	0	0
446	KDB006_HEPG2_96H:TRCN0000057829:-666	0	0	0	0	0	1	0	0	0	0	0	0	0
447	KDB006_HT29_96H:TRCN0000003173:-666	0	0	0	0	0	0	1	0	0	0	0	0	0
448	KDB006_HT29_96H:TRCN0000018917:-666	0	0	0	0	0	0	1	0	0	0	0	0	0
449	KDB006_HT29_96H:TRCN0000047487:-666	0	0	0	0	0	0	1	0	0	0	0	0	0
450	KDB006_HT29_96H:TRCN0000056269:-666	0	0	0	0	0	0	1	0	0	0	0	0	0
451	KDB006_HT29_96H:TRCN0000057829:-666	0	0	0	0	0	0	1	0	0	0	0	0	0
452	KDB006_VCAP_120H:TRCN0000057829:-666	0	0	0	0	0	0	0	0	0	0	0	0	1
453	KDB007_A375_96H:TRCN0000000246:-666	1	0	0	0	0	0	0	0	0	0	0	0	0
454	KDB007_A375_96H:TRCN0000002855:-666	1	0	0	0	0	0	0	0	0	0	0	0	0
455	KDB007_A375_96H:TRCN0000007230:-666	1	0	0	0	0	0	0	0	0	0	0	0	0
456	KDB007_A375_96H:TRCN0000007310:-666	1	0	0	0	0	0	0	0	0	0	0	0	0
457	KDB007_A375_96H:TRCN0000014174:-666	1	0	0	0	0	0	0	0	0	0	0	0	0
458	KDB007_A375_96H:TRCN0000057743:-666	1	0	0	0	0	0	0	0	0	0	0	0	0
459	KDB007_A375_96H:TRCN0000115981:-666	1	0	0	0	0	0	0	0	0	0	0	0	0
460	KDB007_A549_96H:TRCN0000000246:-666	0	1	0	0	0	0	0	0	0	0	0	0	0
461	KDB007_A549_96H:TRCN0000001372:-666	0	1	0	0	0	0	0	0	0	0	0	0	0
462	KDB007_A549_96H:TRCN0000004266:-666	0	1	0	0	0	0	0	0	0	0	0	0	0
463	KDB007_A549_96H:TRCN0000006403:-666	0	1	0	0	0	0	0	0	0	0	0	0	0
464	KDB007_A549_96H:TRCN0000033458:-666	0	1	0	0	0	0	0	0	0	0	0	0	0
465	KDB007_A549_96H:TRCN0000115979:-666	0	1	0	0	0	0	0	0	0	0	0	0	0
466	KDB007_HA1E_96H:TRCN0000007230:-666	0	0	1	0	0	0	0	0	0	0	0	0	0
467	KDB007_HA1E_96H:TRCN0000115979:-666	0	0	1	0	0	0	0	0	0	0	0	0	0
468	KDB007_HCC515_96H:TRCN0000000247:-666	0	0	0	1	0	0	0	0	0	0	0	0	0
469	KDB007_HCC515_96H:TRCN0000004265:-666	0	0	0	1	0	0	0	0	0	0	0	0	0
470	KDB007_HCC515_96H:TRCN0000057744:-666	0	0	0	1	0	0	0	0	0	0	0	0	0
471	KDB007_HCC515_96H:TRCN0000115979:-666	0	0	0	1	0	0	0	0	0	0	0	0	0
472	KDB007_HEPG2_96H:TRCN0000000247:-666	0	0	0	0	0	1	0	0	0	0	0	0	0
473	KDB007_HEPG2_96H:TRCN0000001621:-666	0	0	0	0	0	1	0	0	0	0	0	0	0
474	KDB007_HEPG2_96H:TRCN0000002855:-666	0	0	0	0	0	1	0	0	0	0	0	0	0
475	KDB007_HEPG2_96H:TRCN0000004266:-666	0	0	0	0	0	1	0	0	0	0	0	0	0
476	KDB007_HEPG2_96H:TRCN0000033456:-666	0	0	0	0	0	1	0	0	0	0	0	0	0
477	KDB007_HEPG2_96H:TRCN0000115978:-666	0	0	0	0	0	1	0	0	0	0	0	0	0
478	KDB007_HT29_96H:TRCN0000014177:-666	0	0	0	0	0	0	1	0	0	0	0	0	0
479	KDB007_HT29_96H:TRCN0000115981:-666	0	0	0	0	0	0	1	0	0	0	0	0	0
480	KDB007_MCF7_144H:TRCN0000057744:-666	0	0	0	0	0	0	0	0	1	0	0	0	0
481	KDB007_MCF7_144H:TRCN0000115979:-666	0	0	0	0	0	0	0	0	1	0	0	0	0
482	KDB007_PC3_144H:TRCN0000115979:-666	0	0	0	0	0	0	0	0	0	1	0	0	0
483	KDB008_A375_96H:TRCN0000006675:-666	1	0	0	0	0	0	0	0	0	0	0	0	0
484	KDB008_A375_96H:TRCN0000007830:-666	1	0	0	0	0	0	0	0	0	0	0	0	0
485	KDB008_A375_96H:TRCN0000010106:-666	1	0	0	0	0	0	0	0	0	0	0	0	0
486	KDB008_A375_96H:TRCN0000038697:-666	1	0	0	0	0	0	0	0	0	0	0	0	0
487	KDB008_A375_96H:TRCN0000040275:-666	1	0	0	0	0	0	0	0	0	0	0	0	0
488	KDB008_A375_96H:TRCN0000057355:-666	1	0	0	0	0	0	0	0	0	0	0	0	0
489	KDB008_A375_96H:TRCN0000059160:-666	1	0	0	0	0	0	0	0	0	0	0	0	0
490	KDB008_A375_96H:TRCN0000083417:-666	1	0	0	0	0	0	0	0	0	0	0	0	0
491	KDB008_HCC515_96H:TRCN0000006675:-666	0	0	0	1	0	0	0	0	0	0	0	0	0
492	KDB008_HCC515_96H:TRCN0000007830:-666	0	0	0	1	0	0	0	0	0	0	0	0	0
493	KDB008_HCC515_96H:TRCN0000010106:-666	0	0	0	1	0	0	0	0	0	0	0	0	0
494	KDB008_HCC515_96H:TRCN0000060340:-666	0	0	0	1	0	0	0	0	0	0	0	0	0
495	KDB008_HCC515_96H:TRCN0000083417:-666	0	0	0	1	0	0	0	0	0	0	0	0	0
496	KDB008_HEPG2_96H:TRCN0000006675:-666	0	0	0	0	0	1	0	0	0	0	0	0	0
497	KDB008_HEPG2_96H:TRCN0000007833:-666	0	0	0	0	0	1	0	0	0	0	0	0	0
498	KDB008_HEPG2_96H:TRCN0000057355:-666	0	0	0	0	0	1	0	0	0	0	0	0	0
499	KDB008_HEPG2_96H:TRCN0000059135:-666	0	0	0	0	0	1	0	0	0	0	0	0	0
500	KDB008_HEPG2_96H:TRCN0000060340:-666	0	0	0	0	0	1	0	0	0	0	0	0	0
501	KDB008_HEPG2_96H:TRCN0000062709:-666	0	0	0	0	0	1	0	0	0	0	0	0	0
502	KDB008_HT29_96H:TRCN0000006675:-666	0	0	0	0	0	0	1	0	0	0	0	0	0
503	KDB008_HT29_96H:TRCN0000016003:-666	0	0	0	0	0	0	1	0	0	0	0	0	0
504	KDB008_HT29_96H:TRCN0000057355:-666	0	0	0	0	0	0	1	0	0	0	0	0	0
505	KDB008_HT29_96H:TRCN0000059137:-666	0	0	0	0	0	0	1	0	0	0	0	0	0
506	KDB008_HT29_96H:TRCN0000060340:-666	0	0	0	0	0	0	1	0	0	0	0	0	0
507	KDB009_A549_96H:TRCN0000002877:-666	0	1	0	0	0	0	0	0	0	0	0	0	0
508	KDB009_A549_96H:TRCN0000005638:-666	0	1	0	0	0	0	0	0	0	0	0	0	0
509	KDB009_A549_96H:TRCN0000014716:-666	0	1	0	0	0	0	0	0	0	0	0	0	0
510	KDB009_A549_96H:TRCN0000036461:-666	0	1	0	0	0	0	0	0	0	0	0	0	0
511	KDB009_HCC515_96H:TRCN0000057543:-666	0	0	0	1	0	0	0	0	0	0	0	0	0
512	KDB009_HCC515_96H:TRCN0000063685:-666	0	0	0	1	0	0	0	0	0	0	0	0	0
513	KDB009_HEPG2_96H:TRCN0000001500:-666	0	0	0	0	0	1	0	0	0	0	0	0	0
514	KDB009_HEPG2_96H:TRCN0000005638:-666	0	0	0	0	0	1	0	0	0	0	0	0	0
515	KDB009_HEPG2_96H:TRCN0000014713:-666	0	0	0	0	0	1	0	0	0	0	0	0	0
516	KDB009_HEPG2_96H:TRCN0000036461:-666	0	0	0	0	0	1	0	0	0	0	0	0	0
517	KDB009_HEPG2_96H:TRCN0000057543:-666	0	0	0	0	0	1	0	0	0	0	0	0	0
518	KDB009_HEPG2_96H:TRCN0000063685:-666	0	0	0	0	0	1	0	0	0	0	0	0	0
519	KDB009_HT29_96H:TRCN0000002746:-666	0	0	0	0	0	0	1	0	0	0	0	0	0
520	KDB009_HT29_96H:TRCN0000005638:-666	0	0	0	0	0	0	1	0	0	0	0	0	0
521	KDB009_HT29_96H:TRCN0000014716:-666	0	0	0	0	0	0	1	0	0	0	0	0	0
522	KDB009_HT29_96H:TRCN0000063686:-666	0	0	0	0	0	0	1	0	0	0	0	0	0
523	KDB009_PC3_144H:TRCN0000014713:-666	0	0	0	0	0	0	0	0	0	1	0	0	0
524	KDB009_PC3_144H:TRCN0000063685:-666	0	0	0	0	0	0	0	0	0	1	0	0	0
525	KDB009_VCAP_120H:TRCN0000002747:-666	0	0	0	0	0	0	0	0	0	0	0	0	1
526	KDB009_VCAP_120H:TRCN0000008336:-666	0	0	0	0	0	0	0	0	0	0	0	0	1
527	KDB009_VCAP_120H:TRCN0000014714:-666	0	0	0	0	0	0	0	0	0	0	0	0	1
528	KDB009_VCAP_120H:TRCN0000036460:-666	0	0	0	0	0	0	0	0	0	0	0	0	1
529	KDB009_VCAP_120H:TRCN0000057546:-666	0	0	0	0	0	0	0	0	0	0	0	0	1
530	KDB009_VCAP_120H:TRCN0000057564:-666	0	0	0	0	0	0	0	0	0	0	0	0	1
531	KDB009_VCAP_120H:TRCN0000063685:-666	0	0	0	0	0	0	0	0	0	0	0	0	1
532	KDB010_A375_96H:TRCN0000010391:-666	1	0	0	0	0	0	0	0	0	0	0	0	0
533	KDB010_A375_96H:TRCN0000039565:-666	1	0	0	0	0	0	0	0	0	0	0	0	0
534	KDB010_A375_96H:TRCN0000218636:-666	1	0	0	0	0	0	0	0	0	0	0	0	0
535	KDB010_A375_96H:TRCN0000219020:-666	1	0	0	0	0	0	0	0	0	0	0	0	0
536	KDB010_A549_96H:TRCN0000003186:-666	0	1	0	0	0	0	0	0	0	0	0	0	0
537	KDB010_A549_96H:TRCN0000039588:-666	0	1	0	0	0	0	0	0	0	0	0	0	0
538	KDB010_A549_96H:TRCN0000218445:-666	0	1	0	0	0	0	0	0	0	0	0	0	0
539	KDB010_A549_96H:TRCN0000312579:-666	0	1	0	0	0	0	0	0	0	0	0	0	0
540	KDB010_A549_96H:TRCN0000331232:-666	0	1	0	0	0	0	0	0	0	0	0	0	0
541	KDB010_HA1E_96H:TRCN0000040110:-666	0	0	1	0	0	0	0	0	0	0	0	0	0
542	KDB010_HEPG2_96H:TRCN0000218445:-666	0	0	0	0	0	1	0	0	0	0	0	0	0
543	KDB010_HEPG2_96H:TRCN0000303965:-666	0	0	0	0	0	1	0	0	0	0	0	0	0
544	KDB010_HEPG2_96H:TRCN0000312579:-666	0	0	0	0	0	1	0	0	0	0	0	0	0
545	KDB010_HT29_96H:M13	0	0	0	0	0	0	1	0	0	0	0	0	0
546	KDB010_HT29_96H:TRCN0000083416:-666	0	0	0	0	0	0	1	0	0	0	0	0	0
547	KDB010_MCF7_144H:TRCN0000231131:-666	0	0	0	0	0	0	0	0	1	0	0	0	0
548	KDB010_MCF7_144H:TRCN0000294474:-666	0	0	0	0	0	0	0	0	1	0	0	0	0
549	KDB010_MCF7_144H:TRCN0000303965:-666	0	0	0	0	0	0	0	0	1	0	0	0	0
550	KDB010_MCF7_144H:TRCN0000338165:-666	0	0	0	0	0	0	0	0	1	0	0	0	0
551	KDB010_PC3_144H:TRCN0000003182:-666	0	0	0	0	0	0	0	0	0	1	0	0	0
552	KDB010_PC3_144H:TRCN0000006292:-666	0	0	0	0	0	0	0	0	0	1	0	0	0
553	KDB010_PC3_144H:TRCN0000303965:-666	0	0	0	0	0	0	0	0	0	1	0	0	0
554	KDB010_VCAP_120H:TRCN0000006292:-666	0	0	0	0	0	0	0	0	0	0	0	0	1
555	KDB010_VCAP_120H:TRCN0000010369:-666	0	0	0	0	0	0	0	0	0	0	0	0	1
556	KDB010_VCAP_120H:TRCN0000040110:-666	0	0	0	0	0	0	0	0	0	0	0	0	1
557	KDB010_VCAP_120H:TRCN0000294474:-666	0	0	0	0	0	0	0	0	0	0	0	0	1
558	KDC001_HA1E_96H:TRCN0000039675:-666	0	0	1	0	0	0	0	0	0	0	0	0	0
559	KDC001_HA1E_96H:TRCN0000065335:-666	0	0	1	0	0	0	0	0	0	0	0	0	0
560	KDC001_HEPG2_96H:TRCN0000033470:-666	0	0	0	0	0	1	0	0	0	0	0	0	0
561	KDC001_HEPG2_96H:TRCN0000059146:-666	0	0	0	0	0	1	0	0	0	0	0	0	0
562	KDC001_HT29_96H:TRCN0000005203:-666	0	0	0	0	0	0	1	0	0	0	0	0	0
563	KDC001_HT29_96H:TRCN0000033469:-666	0	0	0	0	0	0	1	0	0	0	0	0	0
564	KDC001_HT29_96H:TRCN0000039674:-666	0	0	0	0	0	0	1	0	0	0	0	0	0
565	KDC001_PC3_96H:TRCN0000005116:-666	0	0	0	0	0	0	0	0	0	1	0	0	0
566	KDC001_PC3_96H:TRCN0000029656:-666	0	0	0	0	0	0	0	0	0	1	0	0	0
567	KDC001_PC3_96H:TRCN0000033471:-666	0	0	0	0	0	0	0	0	0	1	0	0	0
568	KDC001_PC3_96H:TRCN0000059143:-666	0	0	0	0	0	0	0	0	0	1	0	0	0
569	KDC001_VCAP_120H:TRCN0000002452:-666	0	0	0	0	0	0	0	0	0	0	0	0	1
570	KDC001_VCAP_120H:TRCN0000005116:-666	0	0	0	0	0	0	0	0	0	0	0	0	1
571	KDC001_VCAP_120H:TRCN0000007229:-666	0	0	0	0	0	0	0	0	0	0	0	0	1
572	KDC002_HA1E_96H:TRCN0000000240:-666	0	0	1	0	0	0	0	0	0	0	0	0	0
573	KDC002_HA1E_96H:TRCN0000000362:-666	0	0	1	0	0	0	0	0	0	0	0	0	0
574	KDC002_HA1E_96H:TRCN0000218685:-666	0	0	1	0	0	0	0	0	0	0	0	0	0
575	KDC002_HT29_96H:TRCN0000000239:-666	0	0	0	0	0	0	1	0	0	0	0	0	0
576	KDC002_HT29_96H:TRCN0000000363:-666	0	0	0	0	0	0	1	0	0	0	0	0	0
577	KDC002_HT29_96H:TRCN0000043120:-666	0	0	0	0	0	0	1	0	0	0	0	0	0
578	KDC002_HT29_96H:TRCN0000059167:-666	0	0	0	0	0	0	1	0	0	0	0	0	0
579	KDC002_HT29_96H:TRCN0000072374:-666	0	0	0	0	0	0	1	0	0	0	0	0	0
580	KDC002_MCF7_96H:TRCN0000000364:-666	0	0	0	0	0	0	0	0	1	0	0	0	0
581	KDC002_MCF7_96H:TRCN0000003343:-666	0	0	0	0	0	0	0	0	1	0	0	0	0
582	KDC002_MCF7_96H:TRCN0000218210:-666	0	0	0	0	0	0	0	0	1	0	0	0	0
583	KDC002_PC3_96H:L07	0	0	0	0	0	0	0	0	0	1	0	0	0
584	KDC002_PC3_96H:M11	0	0	0	0	0	0	0	0	0	1	0	0	0
585	KDC002_PC3_96H:M21	0	0	0	0	0	0	0	0	0	1	0	0	0
586	KDC002_PC3_96H:M23	0	0	0	0	0	0	0	0	0	1	0	0	0
587	KDC002_PC3_96H:TRCN0000218210:-666	0	0	0	0	0	0	0	0	0	1	0	0	0
588	KDC002_VCAP_120H:F13	0	0	0	0	0	0	0	0	0	0	0	0	1
589	KDC002_VCAP_120H:H05	0	0	0	0	0	0	0	0	0	0	0	0	1
590	KDC002_VCAP_120H:O05	0	0	0	0	0	0	0	0	0	0	0	0	1
591	KDC002_VCAP_120H:TRCN0000000363:-666	0	0	0	0	0	0	0	0	0	0	0	0	1
592	KDC003_A375_96H:TRCN0000006279:-666	1	0	0	0	0	0	0	0	0	0	0	0	0
593	KDC003_A375_96H:TRCN0000006770:-666	1	0	0	0	0	0	0	0	0	0	0	0	0
594	KDC003_A375_96H:TRCN0000008344:-666	1	0	0	0	0	0	0	0	0	0	0	0	0
595	KDC003_A375_96H:TRCN0000051525:-666	1	0	0	0	0	0	0	0	0	0	0	0	0
596	KDC003_A375_96H:TRCN0000057941:-666	1	0	0	0	0	0	0	0	0	0	0	0	0
597	KDC003_HA1E_96H:TRCN0000255849:-666	0	0	1	0	0	0	0	0	0	0	0	0	0
598	KDC003_HEPG2_96H:TRCN0000004742:-666	0	0	0	0	0	1	0	0	0	0	0	0	0
599	KDC003_HEPG2_96H:TRCN0000057940:-666	0	0	0	0	0	1	0	0	0	0	0	0	0
600	KDC003_HEPG2_96H:TRCN0000073572:-666	0	0	0	0	0	1	0	0	0	0	0	0	0
601	KDC003_HEPG2_96H:TRCN0000255853:-666	0	0	0	0	0	1	0	0	0	0	0	0	0
602	KDC003_HT29_96H:TRCN0000006279:-666	0	0	0	0	0	0	1	0	0	0	0	0	0
603	KDC003_HT29_96H:TRCN0000008344:-666	0	0	0	0	0	0	1	0	0	0	0	0	0
604	KDC003_HT29_96H:TRCN0000034220:-666	0	0	0	0	0	0	1	0	0	0	0	0	0
605	KDC003_HT29_96H:TRCN0000055480:-666	0	0	0	0	0	0	1	0	0	0	0	0	0
606	KDC003_HT29_96H:TRCN0000057940:-666	0	0	0	0	0	0	1	0	0	0	0	0	0
607	KDC003_HT29_96H:TRCN0000073571:-666	0	0	0	0	0	0	1	0	0	0	0	0	0
608	KDC003_HT29_96H:TRCN0000255849:-666	0	0	0	0	0	0	1	0	0	0	0	0	0
609	KDC003_MCF7_96H:TRCN0000055482:-666	0	0	0	0	0	0	0	0	1	0	0	0	0
610	KDC003_MCF7_96H:TRCN0000073568:-666	0	0	0	0	0	0	0	0	1	0	0	0	0
611	KDC003_PC3_96H:TRCN0000008344:-666	0	0	0	0	0	0	0	0	0	1	0	0	0
612	KDC003_PC3_96H:TRCN0000051526:-666	0	0	0	0	0	0	0	0	0	1	0	0	0
613	KDC003_PC3_96H:TRCN0000255853:-666	0	0	0	0	0	0	0	0	0	1	0	0	0
614	KDC003_VCAP_120H:K06	0	0	0	0	0	0	0	0	0	0	0	0	1
615	KDC003_VCAP_120H:TRCN0000008344:-666	0	0	0	0	0	0	0	0	0	0	0	0	1
616	KDC004_A375_96H:TRCN0000006423:-666	1	0	0	0	0	0	0	0	0	0	0	0	0
617	KDC004_A375_96H:TRCN0000006515:-666	1	0	0	0	0	0	0	0	0	0	0	0	0
618	KDC004_A375_96H:TRCN0000047630:-666	1	0	0	0	0	0	0	0	0	0	0	0	0
619	KDC004_A549_96H:M01	0	1	0	0	0	0	0	0	0	0	0	0	0
620	KDC004_A549_96H:TRCN0000006655:-666	0	1	0	0	0	0	0	0	0	0	0	0	0
621	KDC004_HA1E_96H:TRCN0000006424:-666	0	0	1	0	0	0	0	0	0	0	0	0	0
622	KDC004_HA1E_96H:TRCN0000006516:-666	0	0	1	0	0	0	0	0	0	0	0	0	0
623	KDC004_HA1E_96H:TRCN0000006886:-666	0	0	1	0	0	0	0	0	0	0	0	0	0
624	KDC004_HA1E_96H:TRCN0000047630:-666	0	0	1	0	0	0	0	0	0	0	0	0	0
625	KDC004_HEPG2_96H:TRCN0000001166:-666	0	0	0	0	0	1	0	0	0	0	0	0	0
626	KDC004_HEPG2_96H:TRCN0000006886:-666	0	0	0	0	0	1	0	0	0	0	0	0	0
627	KDC004_HEPG2_96H:TRCN0000020843:-666	0	0	0	0	0	1	0	0	0	0	0	0	0
628	KDC004_HEPG2_96H:TRCN0000047630:-666	0	0	0	0	0	1	0	0	0	0	0	0	0
629	KDC004_HEPG2_96H:TRCN0000058638:-666	0	0	0	0	0	1	0	0	0	0	0	0	0
630	KDC004_HT29_96H:TRCN0000006887:-666	0	0	0	0	0	0	1	0	0	0	0	0	0
631	KDC004_HT29_96H:TRCN0000047629:-666	0	0	0	0	0	0	1	0	0	0	0	0	0
632	KDC004_HT29_96H:TRCN0000058641:-666	0	0	0	0	0	0	1	0	0	0	0	0	0
633	KDC004_HT29_96H:TRCN0000058696:-666	0	0	0	0	0	0	1	0	0	0	0	0	0
634	KDC004_HT29_96H:TRCN0000218493:-666	0	0	0	0	0	0	1	0	0	0	0	0	0
635	KDC004_MCF7_96H:TRCN0000011052:-666	0	0	0	0	0	0	0	0	1	0	0	0	0
636	KDC004_MCF7_96H:TRCN0000029089:-666	0	0	0	0	0	0	0	0	1	0	0	0	0
637	KDC004_PC3_96H:TRCN0000001999:-666	0	0	0	0	0	0	0	0	0	1	0	0	0
638	KDC004_PC3_96H:TRCN0000002089:-666	0	0	0	0	0	0	0	0	0	1	0	0	0
639	KDC004_PC3_96H:TRCN0000006426:-666	0	0	0	0	0	0	0	0	0	1	0	0	0
640	KDC004_PC3_96H:TRCN0000006512:-666	0	0	0	0	0	0	0	0	0	1	0	0	0
641	KDC004_PC3_96H:TRCN0000011052:-666	0	0	0	0	0	0	0	0	0	1	0	0	0
642	KDC004_PC3_96H:TRCN0000047630:-666	0	0	0	0	0	0	0	0	0	1	0	0	0
643	KDC004_PC3_96H:TRCN0000058638:-666	0	0	0	0	0	0	0	0	0	1	0	0	0
644	KDC004_VCAP_120H:J21	0	0	0	0	0	0	0	0	0	0	0	0	1
645	KDC004_VCAP_120H:TRCN0000002088:-666	0	0	0	0	0	0	0	0	0	0	0	0	1
646	KDC004_VCAP_120H:TRCN0000006426:-666	0	0	0	0	0	0	0	0	0	0	0	0	1
647	KDC004_VCAP_120H:TRCN0000047630:-666	0	0	0	0	0	0	0	0	0	0	0	0	1
648	KDC005_A549_96H:F24	0	1	0	0	0	0	0	0	0	0	0	0	0
649	KDC005_HA1E_96H:TRCN0000011042:-666	0	0	1	0	0	0	0	0	0	0	0	0	0
650	KDC005_HT29_96H:TRCN0000006707:-666	0	0	0	0	0	0	1	0	0	0	0	0	0
651	KDC005_HT29_96H:TRCN0000008331:-666	0	0	0	0	0	0	1	0	0	0	0	0	0
652	KDC005_HT29_96H:TRCN0000029630:-666	0	0	0	0	0	0	1	0	0	0	0	0	0
653	KDC005_HT29_96H:TRCN0000058460:-666	0	0	0	0	0	0	1	0	0	0	0	0	0
654	KDC005_MCF7_96H:TRCN0000008331:-666	0	0	0	0	0	0	0	0	1	0	0	0	0
655	KDC005_MCF7_96H:TRCN0000058462:-666	0	0	0	0	0	0	0	0	1	0	0	0	0
656	KDC005_PC3_96H:TRCN0000006707:-666	0	0	0	0	0	0	0	0	0	1	0	0	0
657	KDC005_PC3_96H:TRCN0000029630:-666	0	0	0	0	0	0	0	0	0	1	0	0	0
658	KDC005_PC3_96H:TRCN0000058297:-666	0	0	0	0	0	0	0	0	0	1	0	0	0
659	KDC005_VCAP_120H:D01	0	0	0	0	0	0	0	0	0	0	0	0	1
660	KDC005_VCAP_120H:TRCN0000058462:-666	0	0	0	0	0	0	0	0	0	0	0	0	1
661	KDC006_A375_96H:TRCN0000002226:-666	1	0	0	0	0	0	0	0	0	0	0	0	0
662	KDC006_A375_96H:TRCN0000003780:-666	1	0	0	0	0	0	0	0	0	0	0	0	0
663	KDC006_A375_96H:TRCN0000018915:-666	1	0	0	0	0	0	0	0	0	0	0	0	0
664	KDC006_A375_96H:TRCN0000058196:-666	1	0	0	0	0	0	0	0	0	0	0	0	0
665	KDC006_A375_96H:TRCN0000059171:-666	1	0	0	0	0	0	0	0	0	0	0	0	0
666	KDC006_A375_96H:TRCN0000108281:-666	1	0	0	0	0	0	0	0	0	0	0	0	0
667	KDC006_HA1E_96H:TRCN0000002226:-666	0	0	1	0	0	0	0	0	0	0	0	0	0
668	KDC006_HA1E_96H:TRCN0000003780:-666	0	0	1	0	0	0	0	0	0	0	0	0	0
669	KDC006_HA1E_96H:TRCN0000059171:-666	0	0	1	0	0	0	0	0	0	0	0	0	0
670	KDC006_MCF7_96H:TRCN0000002169:-666	0	0	0	0	0	0	0	0	1	0	0	0	0
671	KDC006_MCF7_96H:TRCN0000002224:-666	0	0	0	0	0	0	0	0	1	0	0	0	0
672	KDC006_MCF7_96H:TRCN0000003780:-666	0	0	0	0	0	0	0	0	1	0	0	0	0
673	KDC006_MCF7_96H:TRCN0000058196:-666	0	0	0	0	0	0	0	0	1	0	0	0	0
674	KDC007_A375_96H:TRCN0000000442:-666	1	0	0	0	0	0	0	0	0	0	0	0	0
675	KDC007_A375_96H:TRCN0000007003:-666	1	0	0	0	0	0	0	0	0	0	0	0	0
676	KDC007_A375_96H:TRCN0000059228:-666	1	0	0	0	0	0	0	0	0	0	0	0	0
677	KDC007_MCF7_96H:TRCN0000014669:-666	0	0	0	0	0	0	0	0	1	0	0	0	0
678	KDC007_MCF7_96H:TRCN0000038695:-666	0	0	0	0	0	0	0	0	1	0	0	0	0
679	KDC007_MCF7_96H:TRCN0000059228:-666	0	0	0	0	0	0	0	0	1	0	0	0	0
680	KDC007_PC3_96H:O17	0	0	0	0	0	0	0	0	0	1	0	0	0
681	KDC007_PC3_96H:TRCN0000014672:-666	0	0	0	0	0	0	0	0	0	1	0	0	0
682	KDC007_PC3_96H:TRCN0000038695:-666	0	0	0	0	0	0	0	0	0	1	0	0	0
683	KDC007_VCAP_120H:TRCN0000218492:-666	0	0	0	0	0	0	0	0	0	0	0	0	1
684	KDC008_A375_96H:TRCN0000003848:-666	1	0	0	0	0	0	0	0	0	0	0	0	0
685	KDC008_A375_96H:TRCN0000010329:-666	1	0	0	0	0	0	0	0	0	0	0	0	0
686	KDC008_A375_96H:TRCN0000039898:-666	1	0	0	0	0	0	0	0	0	0	0	0	0
687	KDC008_A375_96H:TRCN0000059110:-666	1	0	0	0	0	0	0	0	0	0	0	0	0
688	KDC008_A375_96H:TRCN0000064828:-666	1	0	0	0	0	0	0	0	0	0	0	0	0
689	KDC008_HT29_96H:TRCN0000001501:-666	0	0	0	0	0	0	1	0	0	0	0	0	0
690	KDC008_HT29_96H:TRCN0000001621:-666	0	0	0	0	0	0	1	0	0	0	0	0	0
691	KDC008_HT29_96H:TRCN0000059108:-666	0	0	0	0	0	0	1	0	0	0	0	0	0
692	KDC008_MCF7_96H:TRCN0000004453:-666	0	0	0	0	0	0	0	0	1	0	0	0	0
693	KDC008_MCF7_96H:TRCN0000059110:-666	0	0	0	0	0	0	0	0	1	0	0	0	0
694	KDC008_MCF7_96H:TRCN0000059702:-666	0	0	0	0	0	0	0	0	1	0	0	0	0
695	KDC008_MCF7_96H:TRCN0000064828:-666	0	0	0	0	0	0	0	0	1	0	0	0	0
696	KDC008_PC3_96H:TRCN0000039901:-666	0	0	0	0	0	0	0	0	0	1	0	0	0
697	KDC008_PC3_96H:TRCN0000059110:-666	0	0	0	0	0	0	0	0	0	1	0	0	0
698	KDC008_VCAP_120H:TRCN0000039902:-666	0	0	0	0	0	0	0	0	0	0	0	0	1
699	KDC009_HA1E_96H:TRCN0000010035:-666	0	0	1	0	0	0	0	0	0	0	0	0	0
700	KDC009_MCF7_96H:TRCN0000010035:-666	0	0	0	0	0	0	0	0	1	0	0	0	0
701	KDC009_MCF7_96H:TRCN0000018336:-666	0	0	0	0	0	0	0	0	1	0	0	0	0
702	KDC009_MCF7_96H:TRCN0000057827:-666	0	0	0	0	0	0	0	0	1	0	0	0	0
703	KDC009_MCF7_96H:TRCN0000058934:-666	0	0	0	0	0	0	0	0	1	0	0	0	0
704	KDC009_MCF7_96H:TRCN0000063913:-666	0	0	0	0	0	0	0	0	1	0	0	0	0
705	KDC009_PC3_96H:TRCN0000010035:-666	0	0	0	0	0	0	0	0	0	1	0	0	0
706	KDC009_VCAP_120H:C15	0	0	0	0	0	0	0	0	0	0	0	0	1
707	KDC009_VCAP_120H:K15	0	0	0	0	0	0	0	0	0	0	0	0	1
708	KDC009_VCAP_120H:L02	0	0	0	0	0	0	0	0	0	0	0	0	1
709	KDC010_A375_96H:TRCN0000003755:-666	1	0	0	0	0	0	0	0	0	0	0	0	0
710	KDC010_A549_96H:TRCN0000004572:-666	0	1	0	0	0	0	0	0	0	0	0	0	0
711	KDC010_A549_96H:TRCN0000005281:-666	0	1	0	0	0	0	0	0	0	0	0	0	0
712	KDC010_HA1E_96H:TRCN0000019121:-666	0	0	1	0	0	0	0	0	0	0	0	0	0
713	KDC010_HT29_96H:TRCN0000001670:-666	0	0	0	0	0	0	1	0	0	0	0	0	0
714	KDC010_HT29_96H:TRCN0000003753:-666	0	0	0	0	0	0	1	0	0	0	0	0	0
715	KDC010_HT29_96H:TRCN0000003845:-666	0	0	0	0	0	0	1	0	0	0	0	0	0
716	KDC010_HT29_96H:TRCN0000058504:-666	0	0	0	0	0	0	1	0	0	0	0	0	0
717	KDC010_HT29_96H:TRCN0000058526:-666	0	0	0	0	0	0	1	0	0	0	0	0	0
718	KDC010_MCF7_96H:TRCN0000001672:-666	0	0	0	0	0	0	0	0	1	0	0	0	0
719	KDC010_MCF7_96H:TRCN0000003755:-666	0	0	0	0	0	0	0	0	1	0	0	0	0
720	KDC010_MCF7_96H:TRCN0000010768:-666	0	0	0	0	0	0	0	0	1	0	0	0	0
721	KDC010_VCAP_120H:TRCN0000001671:-666	0	0	0	0	0	0	0	0	0	0	0	0	1
722	KDC010_VCAP_120H:TRCN0000005280:-666	0	0	0	0	0	0	0	0	0	0	0	0	1
723	KDC010_VCAP_120H:TRCN0000011239:-666	0	0	0	0	0	0	0	0	0	0	0	0	1
724	KDD001_A375_96H:TRCN0000072508:-666	1	0	0	0	0	0	0	0	0	0	0	0	0
725	KDD001_HA1E_96H:TRCN0000072512:-666	0	0	1	0	0	0	0	0	0	0	0	0	0
726	KDD001_HT29_96H:TRCN0000001052:-666	0	0	0	0	0	0	1	0	0	0	0	0	0
727	KDD001_HT29_96H:TRCN0000036472:-666	0	0	0	0	0	0	1	0	0	0	0	0	0
728	KDD001_HT29_96H:TRCN0000045534:-666	0	0	0	0	0	0	1	0	0	0	0	0	0
729	KDD001_HT29_96H:TRCN0000052141:-666	0	0	0	0	0	0	1	0	0	0	0	0	0
730	KDD001_HT29_96H:TRCN0000056189:-666	0	0	0	0	0	0	1	0	0	0	0	0	0
731	KDD001_HT29_96H:TRCN0000063526:-666	0	0	0	0	0	0	1	0	0	0	0	0	0
732	KDD001_PC3_96H:TRCN0000001052:-666	0	0	0	0	0	0	0	0	0	1	0	0	0
733	KDD001_PC3_96H:TRCN0000036470:-666	0	0	0	0	0	0	0	0	0	1	0	0	0
734	KDD001_PC3_96H:TRCN0000056189:-666	0	0	0	0	0	0	0	0	0	1	0	0	0
735	KDD001_PC3_96H:TRCN0000057198:-666	0	0	0	0	0	0	0	0	0	1	0	0	0
736	KDD001_PC3_96H:TRCN0000072512:-666	0	0	0	0	0	0	0	0	0	1	0	0	0
737	KDD001_VCAP_120H:TRCN0000056190:-666	0	0	0	0	0	0	0	0	0	0	0	0	1
738	KDD001_VCAP_120H:TRCN0000072508:-666	0	0	0	0	0	0	0	0	0	0	0	0	1
739	KDD001_VCAP_120H:TRCN0000300917:-666	0	0	0	0	0	0	0	0	0	0	0	0	1
740	KDD002_A549_96H:TRCN0000003810:-666	0	1	0	0	0	0	0	0	0	0	0	0	0
741	KDD002_A549_96H:TRCN0000057238:-666	0	1	0	0	0	0	0	0	0	0	0	0	0
742	KDD002_HCC515_96H:TRCN0000001495:-666	0	0	0	1	0	0	0	0	0	0	0	0	0
743	KDD002_HCC515_96H:TRCN0000003810:-666	0	0	0	1	0	0	0	0	0	0	0	0	0
744	KDD002_HCC515_96H:TRCN0000061467:-666	0	0	0	1	0	0	0	0	0	0	0	0	0
745	KDD002_HT29_96H:TRCN0000000770:-666	0	0	0	0	0	0	1	0	0	0	0	0	0
746	KDD002_HT29_96H:TRCN0000003809:-666	0	0	0	0	0	0	1	0	0	0	0	0	0
747	KDD002_HT29_96H:TRCN0000006791:-666	0	0	0	0	0	0	1	0	0	0	0	0	0
748	KDD002_HT29_96H:TRCN0000052416:-666	0	0	0	0	0	0	1	0	0	0	0	0	0
749	KDD002_HT29_96H:TRCN0000059100:-666	0	0	0	0	0	0	1	0	0	0	0	0	0
750	KDD002_HT29_96H:TRCN0000078733:-666	0	0	0	0	0	0	1	0	0	0	0	0	0
751	KDD002_MCF7_96H:TRCN0000003808:-666	0	0	0	0	0	0	0	0	1	0	0	0	0
752	KDD002_MCF7_96H:TRCN0000061466:-666	0	0	0	0	0	0	0	0	1	0	0	0	0
753	KDD002_PC3_96H:TRCN0000000771:-666	0	0	0	0	0	0	0	0	0	1	0	0	0
754	KDD002_PC3_96H:TRCN0000003810:-666	0	0	0	0	0	0	0	0	0	1	0	0	0
755	KDD002_PC3_96H:TRCN0000006790:-666	0	0	0	0	0	0	0	0	0	1	0	0	0
756	KDD002_PC3_96H:TRCN0000038051:-666	0	0	0	0	0	0	0	0	0	1	0	0	0
757	KDD002_PC3_96H:TRCN0000078733:-666	0	0	0	0	0	0	0	0	0	1	0	0	0
758	KDD002_VCAP_120H:TRCN0000003810:-666	0	0	0	0	0	0	0	0	0	0	0	0	1
759	KDD002_VCAP_120H:TRCN0000009140:-666	0	0	0	0	0	0	0	0	0	0	0	0	1
760	KDD002_VCAP_120H:TRCN0000020159:-666	0	0	0	0	0	0	0	0	0	0	0	0	1
761	KDD002_VCAP_120H:TRCN0000057238:-666	0	0	0	0	0	0	0	0	0	0	0	0	1
762	KDD003_MCF7_96H:TRCN0000018931:-666	0	0	0	0	0	0	0	0	1	0	0	0	0
763	KDD003_MCF7_96H:TRCN0000019409:-666	0	0	0	0	0	0	0	0	1	0	0	0	0
764	KDD003_MCF7_96H:TRCN0000033454:-666	0	0	0	0	0	0	0	0	1	0	0	0	0
765	KDD003_MCF7_96H:TRCN0000056398:-666	0	0	0	0	0	0	0	0	1	0	0	0	0
766	KDD003_MCF7_96H:TRCN0000058242:-666	0	0	0	0	0	0	0	0	1	0	0	0	0
767	KDD003_PC3_96H:TRCN0000010202:-666	0	0	0	0	0	0	0	0	0	1	0	0	0
768	KDD003_PC3_96H:TRCN0000033454:-666	0	0	0	0	0	0	0	0	0	1	0	0	0
769	KDD003_PC3_96H:TRCN0000056398:-666	0	0	0	0	0	0	0	0	0	1	0	0	0
770	KDD003_PC3_96H:TRCN0000058242:-666	0	0	0	0	0	0	0	0	0	1	0	0	0
771	KDD003_VCAP_120H:TRCN0000018931:-666	0	0	0	0	0	0	0	0	0	0	0	0	1
772	KDD004_A375_96H:TRCN0000004911:-666	1	0	0	0	0	0	0	0	0	0	0	0	0
773	KDD004_A549_96H:TRCN0000007751:-666	0	1	0	0	0	0	0	0	0	0	0	0	0
774	KDD004_HCC515_96H:TRCN0000001393:-666	0	0	0	1	0	0	0	0	0	0	0	0	0
775	KDD004_HCC515_96H:TRCN0000007749:-666	0	0	0	1	0	0	0	0	0	0	0	0	0
776	KDD004_HCC515_96H:TRCN0000029642:-666	0	0	0	1	0	0	0	0	0	0	0	0	0
777	KDD004_HCC515_96H:TRCN0000036887:-666	0	0	0	1	0	0	0	0	0	0	0	0	0
778	KDD004_HT29_96H:TRCN0000001371:-666	0	0	0	0	0	0	1	0	0	0	0	0	0
779	KDD004_HT29_96H:TRCN0000001390:-666	0	0	0	0	0	0	1	0	0	0	0	0	0
780	KDD004_HT29_96H:TRCN0000007749:-666	0	0	0	0	0	0	1	0	0	0	0	0	0
781	KDD004_HT29_96H:TRCN0000029641:-666	0	0	0	0	0	0	1	0	0	0	0	0	0
782	KDD004_HT29_96H:TRCN0000056897:-666	0	0	0	0	0	0	1	0	0	0	0	0	0
783	KDD004_HT29_96H:TRCN0000057140:-666	0	0	0	0	0	0	1	0	0	0	0	0	0
784	KDD004_HT29_96H:TRCN0000057255:-666	0	0	0	0	0	0	1	0	0	0	0	0	0
785	KDD004_HT29_96H:TRCN0000058279:-666	0	0	0	0	0	0	1	0	0	0	0	0	0
786	KDD004_HT29_96H:TRCN0000059024:-666	0	0	0	0	0	0	1	0	0	0	0	0	0
787	KDD004_MCF7_96H:TRCN0000007749:-666	0	0	0	0	0	0	0	0	1	0	0	0	0
788	KDD004_MCF7_96H:TRCN0000036884:-666	0	0	0	0	0	0	0	0	1	0	0	0	0
789	KDD004_MCF7_96H:TRCN0000233526:-666	0	0	0	0	0	0	0	0	1	0	0	0	0
790	KDD004_PC3_96H:TRCN0000007749:-666	0	0	0	0	0	0	0	0	0	1	0	0	0
791	KDD004_PC3_96H:TRCN0000233526:-666	0	0	0	0	0	0	0	0	0	1	0	0	0
792	KDD004_PC3_96H:TRCN0000256730:-666	0	0	0	0	0	0	0	0	0	1	0	0	0
793	KDD005_A375_96H:TRCN0000001665:-666	1	0	0	0	0	0	0	0	0	0	0	0	0
794	KDD005_A375_96H:TRCN0000002321:-666	1	0	0	0	0	0	0	0	0	0	0	0	0
795	KDD005_HT29_96H:TRCN0000330055:-666	0	0	0	0	0	0	1	0	0	0	0	0	0
796	KDD005_PC3_96H:TRCN0000003379:-666	0	0	0	0	0	0	0	0	0	1	0	0	0
797	KDD005_PC3_96H:TRCN0000003587:-666	0	0	0	0	0	0	0	0	0	1	0	0	0
798	KDD005_PC3_96H:TRCN0000330055:-666	0	0	0	0	0	0	0	0	0	1	0	0	0
799	KDD005_VCAP_120H:TRCN0000002321:-666	0	0	0	0	0	0	0	0	0	0	0	0	1
800	KDD005_VCAP_120H:TRCN0000003587:-666	0	0	0	0	0	0	0	0	0	0	0	0	1
801	KDD005_VCAP_120H:TRCN0000029534:-666	0	0	0	0	0	0	0	0	0	0	0	0	1
802	KDD006_HA1E_96H:TRCN0000008326:-666	0	0	1	0	0	0	0	0	0	0	0	0	0
803	KDD006_HCC515_96H:TRCN0000003359:-666	0	0	0	1	0	0	0	0	0	0	0	0	0
804	KDD006_HCC515_96H:TRCN0000008326:-666	0	0	0	1	0	0	0	0	0	0	0	0	0
805	KDD006_HT29_96H:TRCN0000004264:-666	0	0	0	0	0	0	1	0	0	0	0	0	0
806	KDD006_HT29_96H:TRCN0000194855:-666	0	0	0	0	0	0	1	0	0	0	0	0	0
807	KDD006_HT29_96H:TRCN0000226466:-666	0	0	0	0	0	0	1	0	0	0	0	0	0
808	KDD006_MCF7_96H:TRCN0000000358:-666	0	0	0	0	0	0	0	0	1	0	0	0	0
809	KDD006_MCF7_96H:TRCN0000003359:-666	0	0	0	0	0	0	0	0	1	0	0	0	0
810	KDD006_MCF7_96H:TRCN0000226467:-666	0	0	0	0	0	0	0	0	1	0	0	0	0
811	KDD006_PC3_96H:TRCN0000006409:-666	0	0	0	0	0	0	0	0	0	1	0	0	0
812	KDD006_PC3_96H:TRCN0000009935:-666	0	0	0	0	0	0	0	0	0	1	0	0	0
813	KDD006_PC3_96H:TRCN0000194855:-666	0	0	0	0	0	0	0	0	0	1	0	0	0
814	KDD006_VCAP_120H:TRCN0000003551:-666	0	0	0	0	0	0	0	0	0	0	0	0	1
815	KDD006_VCAP_120H:TRCN0000004266:-666	0	0	0	0	0	0	0	0	0	0	0	0	1
816	KDD006_VCAP_120H:TRCN0000226466:-666	0	0	0	0	0	0	0	0	0	0	0	0	1
817	KDD007_HA1E_96H:TRCN0000048029:-666	0	0	1	0	0	0	0	0	0	0	0	0	0
818	KDD007_HA1E_96H:TRCN0000056818:-666	0	0	1	0	0	0	0	0	0	0	0	0	0
819	KDD007_HCC515_96H:TRCN0000056818:-666	0	0	0	1	0	0	0	0	0	0	0	0	0
820	KDD007_MCF7_96H:TRCN0000000512:-666	0	0	0	0	0	0	0	0	1	0	0	0	0
821	KDD007_MCF7_96H:TRCN0000056820:-666	0	0	0	0	0	0	0	0	1	0	0	0	0
822	KDD007_MCF7_96H:TRCN0000271514:-666	0	0	0	0	0	0	0	0	1	0	0	0	0
823	KDD007_PC3_96H:TRCN0000003336:-666	0	0	0	0	0	0	0	0	0	1	0	0	0
824	KDD007_PC3_96H:TRCN0000048032:-666	0	0	0	0	0	0	0	0	0	1	0	0	0
825	KDD007_PC3_96H:TRCN0000056820:-666	0	0	0	0	0	0	0	0	0	1	0	0	0
826	KDD007_VCAP_120H:TRCN0000003351:-666	0	0	0	0	0	0	0	0	0	0	0	0	1
827	KDD007_VCAP_120H:TRCN0000056820:-666	0	0	0	0	0	0	0	0	0	0	0	0	1
828	KDD008_A375_96H:TRCN0000000252:-666	1	0	0	0	0	0	0	0	0	0	0	0	0
829	KDD008_A375_96H:TRCN0000039696:-666	1	0	0	0	0	0	0	0	0	0	0	0	0
830	KDD008_A549_96H:TRCN0000010280:-666	0	1	0	0	0	0	0	0	0	0	0	0	0
831	KDD008_A549_96H:TRCN0000038677:-666	0	1	0	0	0	0	0	0	0	0	0	0	0
832	KDD008_HCC515_96H:TRCN0000000591:-666	0	0	0	1	0	0	0	0	0	0	0	0	0
833	KDD008_HCC515_96H:TRCN0000000830:-666	0	0	0	1	0	0	0	0	0	0	0	0	0
834	KDD008_HCC515_96H:TRCN0000000947:-666	0	0	0	1	0	0	0	0	0	0	0	0	0
835	KDD008_HCC515_96H:TRCN0000039697:-666	0	0	0	1	0	0	0	0	0	0	0	0	0
836	KDD008_HCC515_96H:TRCN0000039874:-666	0	0	0	1	0	0	0	0	0	0	0	0	0
837	KDD008_HCC515_96H:TRCN0000039888:-666	0	0	0	1	0	0	0	0	0	0	0	0	0
838	KDD008_HCC515_96H:TRCN0000040111:-666	0	0	0	1	0	0	0	0	0	0	0	0	0
839	KDD008_HT29_96H:TRCN0000000832:-666	0	0	0	0	0	0	1	0	0	0	0	0	0
840	KDD008_HT29_96H:TRCN0000001410:-666	0	0	0	0	0	0	1	0	0	0	0	0	0
841	KDD008_HT29_96H:TRCN0000010280:-666	0	0	0	0	0	0	1	0	0	0	0	0	0
842	KDD008_HT29_96H:TRCN0000039695:-666	0	0	0	0	0	0	1	0	0	0	0	0	0
843	KDD008_HT29_96H:TRCN0000039700:-666	0	0	0	0	0	0	1	0	0	0	0	0	0
844	KDD008_HT29_96H:TRCN0000040111:-666	0	0	0	0	0	0	1	0	0	0	0	0	0
845	KDD008_MCF7_96H:TRCN0000000588:-666	0	0	0	0	0	0	0	0	1	0	0	0	0
846	KDD008_MCF7_96H:TRCN0000000619:-666	0	0	0	0	0	0	0	0	1	0	0	0	0
847	KDD008_MCF7_96H:TRCN0000010280:-666	0	0	0	0	0	0	0	0	1	0	0	0	0
848	KDD008_MCF7_96H:TRCN0000039690:-666	0	0	0	0	0	0	0	0	1	0	0	0	0
849	KDD008_MCF7_96H:TRCN0000039695:-666	0	0	0	0	0	0	0	0	1	0	0	0	0
850	KDD008_MCF7_96H:TRCN0000039890:-666	0	0	0	0	0	0	0	0	1	0	0	0	0
851	KDD008_MCF7_96H:TRCN0000040008:-666	0	0	0	0	0	0	0	0	1	0	0	0	0
852	KDD008_MCF7_96H:TRCN0000040044:-666	0	0	0	0	0	0	0	0	1	0	0	0	0
853	KDD008_PC3_96H:TRCN0000000619:-666	0	0	0	0	0	0	0	0	0	1	0	0	0
854	KDD008_PC3_96H:TRCN0000000947:-666	0	0	0	0	0	0	0	0	0	1	0	0	0
855	KDD008_PC3_96H:TRCN0000010444:-666	0	0	0	0	0	0	0	0	0	1	0	0	0
856	KDD008_PC3_96H:TRCN0000039689:-666	0	0	0	0	0	0	0	0	0	1	0	0	0
857	KDD008_PC3_96H:TRCN0000039701:-666	0	0	0	0	0	0	0	0	0	1	0	0	0
858	KDD008_PC3_96H:TRCN0000039875:-666	0	0	0	0	0	0	0	0	0	1	0	0	0
859	KDD008_PC3_96H:TRCN0000039960:-666	0	0	0	0	0	0	0	0	0	1	0	0	0
860	KDD008_PC3_96H:TRCN0000040044:-666	0	0	0	0	0	0	0	0	0	1	0	0	0
861	KDD008_PC3_96H:TRCN0000338165:-666	0	0	0	0	0	0	0	0	0	1	0	0	0
862	KDD008_VCAP_120H:TRCN0000010470:-666	0	0	0	0	0	0	0	0	0	0	0	0	1
863	KDD008_VCAP_120H:TRCN0000039590:-666	0	0	0	0	0	0	0	0	0	0	0	0	1
864	KDD008_VCAP_120H:TRCN0000040046:-666	0	0	0	0	0	0	0	0	0	0	0	0	1
865	KDD009_HA1E_96H:TRCN0000039598:-666	0	0	1	0	0	0	0	0	0	0	0	0	0
866	KDD009_HA1E_96H:TRCN0000040125:-666	0	0	1	0	0	0	0	0	0	0	0	0	0
867	KDD009_HCC515_96H:TRCN0000010425:-666	0	0	0	1	0	0	0	0	0	0	0	0	0
868	KDD009_HCC515_96H:TRCN0000010477:-666	0	0	0	1	0	0	0	0	0	0	0	0	0
869	KDD009_HCC515_96H:TRCN0000039793:-666	0	0	0	1	0	0	0	0	0	0	0	0	0
870	KDD009_HCC515_96H:TRCN0000040041:-666	0	0	0	1	0	0	0	0	0	0	0	0	0
871	KDD009_HCC515_96H:TRCN0000040125:-666	0	0	0	1	0	0	0	0	0	0	0	0	0
872	KDD009_HT29_96H:TRCN0000010174:-666	0	0	0	0	0	0	1	0	0	0	0	0	0
873	KDD009_HT29_96H:TRCN0000010317:-666	0	0	0	0	0	0	1	0	0	0	0	0	0
874	KDD009_HT29_96H:TRCN0000010391:-666	0	0	0	0	0	0	1	0	0	0	0	0	0
875	KDD009_HT29_96H:TRCN0000010425:-666	0	0	0	0	0	0	1	0	0	0	0	0	0
876	KDD009_HT29_96H:TRCN0000040030:-666	0	0	0	0	0	0	1	0	0	0	0	0	0
877	KDD009_HT29_96H:TRCN0000040166:-666	0	0	0	0	0	0	1	0	0	0	0	0	0
878	KDD009_MCF7_96H:TRCN0000009865:-666	0	0	0	0	0	0	0	0	1	0	0	0	0
879	KDD009_MCF7_96H:TRCN0000010304:-666	0	0	0	0	0	0	0	0	1	0	0	0	0
880	KDD009_MCF7_96H:TRCN0000010418:-666	0	0	0	0	0	0	0	0	1	0	0	0	0
881	KDD009_PC3_96H:TRCN0000010391:-666	0	0	0	0	0	0	0	0	0	1	0	0	0
882	KDD009_PC3_96H:TRCN0000039600:-666	0	0	0	0	0	0	0	0	0	1	0	0	0
883	KDD009_PC3_96H:TRCN0000039605:-666	0	0	0	0	0	0	0	0	0	1	0	0	0
884	KDD009_PC3_96H:TRCN0000039796:-666	0	0	0	0	0	0	0	0	0	1	0	0	0
885	KDD009_PC3_96H:TRCN0000040033:-666	0	0	0	0	0	0	0	0	0	1	0	0	0
886	KDD009_PC3_96H:TRCN0000040038:-666	0	0	0	0	0	0	0	0	0	1	0	0	0
887	KDD009_PC3_96H:TRCN0000040125:-666	0	0	0	0	0	0	0	0	0	1	0	0	0
888	KDD009_PC3_96H:TRCN0000040163:-666	0	0	0	0	0	0	0	0	0	1	0	0	0
889	KDD010_A549_96H:TRCN0000121096:-666	0	1	0	0	0	0	0	0	0	0	0	0	0
890	KDD010_HCC515_96H:TRCN0000010413:-666	0	0	0	1	0	0	0	0	0	0	0	0	0
891	KDD010_HCC515_96H:TRCN0000121216:-666	0	0	0	1	0	0	0	0	0	0	0	0	0
892	KDD010_HCC515_96H:TRCN0000121248:-666	0	0	0	1	0	0	0	0	0	0	0	0	0
893	KDD010_PC3_96H:TRCN0000010335:-666	0	0	0	0	0	0	0	0	0	1	0	0	0
894	KDD010_PC3_96H:TRCN0000056725:-666	0	0	0	0	0	0	0	0	0	1	0	0	0
895	KDD010_PC3_96H:TRCN0000121144:-666	0	0	0	0	0	0	0	0	0	1	0	0	0
896	KDD010_PC3_96H:TRCN0000121163:-666	0	0	0	0	0	0	0	0	0	1	0	0	0
897	KDD010_PC3_96H:TRCN0000194854:-666	0	0	0	0	0	0	0	0	0	1	0	0	0
898	KDD010_VCAP_120H:TRCN0000010335:-666	0	0	0	0	0	0	0	0	0	0	0	0	1
899	KDD010_VCAP_120H:TRCN0000121163:-666	0	0	0	0	0	0	0	0	0	0	0	0	1
900	T1D.KD001_JURKAT_120H:TRCN0000381306:-666	0	0	0	0	0	0	0	1	0	0	0	0	0
901	TA.KD007_HT29_96H:TRCN0000000834:4	0	0	0	0	0	0	1	0	0	0	0	0	0
902	TA.KD007_HT29_96H:TRCN0000020842:4	0	0	0	0	0	0	1	0	0	0	0	0	0
903	TA.KD009_A549_96H:TRCN0000062546:1	0	1	0	0	0	0	0	0	0	0	0	0	0
904	TA.KD009_A549_96H:TRCN0000229648:1	0	1	0	0	0	0	0	0	0	0	0	0	0
905	TA.KD009_A549_96H:TRCN0000288694:1	0	1	0	0	0	0	0	0	0	0	0	0	0
906	TA.KD009_A549_96H:TRCN0000314921:1	0	1	0	0	0	0	0	0	0	0	0	0	0
907	TA.KD009_A549_96H:TRCN0000315028:1	0	1	0	0	0	0	0	0	0	0	0	0	0
908	TA.KD009_A549_96H:TRCN0000315181:1	0	1	0	0	0	0	0	0	0	0	0	0	0
909	TA.KD009_A549_96H:TRCN0000344571:1	0	1	0	0	0	0	0	0	0	0	0	0	0
910	TA.KD010_A549_96H:TRCN0000002746:1	0	1	0	0	0	0	0	0	0	0	0	0	0
911	TA.KD010_A549_96H:TRCN0000010163:1	0	1	0	0	0	0	0	0	0	0	0	0	0
912	TA.KD010_A549_96H:TRCN0000010275:1	0	1	0	0	0	0	0	0	0	0	0	0	0
913	TA.KD010_A549_96H:TRCN0000010329:1	0	1	0	0	0	0	0	0	0	0	0	0	0
914	TA.KD010_A549_96H:TRCN0000029594:1	0	1	0	0	0	0	0	0	0	0	0	0	0
915	TA.KD010_A549_96H:TRCN0000196582:1	0	1	0	0	0	0	0	0	0	0	0	0	0
916	TA.KD010_A549_96H:TRCN0000295875:1	0	1	0	0	0	0	0	0	0	0	0	0	0
917	TA.KD010_A549_96H:TRCN0000295892:1	0	1	0	0	0	0	0	0	0	0	0	0	0
918	TA.KD010_A549_96H:TRCN0000332953:1	0	1	0	0	0	0	0	0	0	0	0	0	0
919	TA.KD010_A549_96H:TRCN0000342334:1	0	1	0	0	0	0	0	0	0	0	0	0	0
920	TAK001_A375_96H:TRCN0000000587:-666	1	0	0	0	0	0	0	0	0	0	0	0	0
921	TAK001_A375_96H:TRCN0000001218:-666	1	0	0	0	0	0	0	0	0	0	0	0	0
922	TAK001_A375_96H:TRCN0000004265:-666	1	0	0	0	0	0	0	0	0	0	0	0	0
923	TAK001_A375_96H:TRCN0000004573:-666	1	0	0	0	0	0	0	0	0	0	0	0	0
924	TAK001_A375_96H:TRCN0000010425:-666	1	0	0	0	0	0	0	0	0	0	0	0	0
925	TAK001_A375_96H:TRCN0000013573:-666	1	0	0	0	0	0	0	0	0	0	0	0	0
926	TAK001_A375_96H:TRCN0000014716:-666	1	0	0	0	0	0	0	0	0	0	0	0	0
927	TAK001_A375_96H:TRCN0000033500:-666	1	0	0	0	0	0	0	0	0	0	0	0	0
928	TAK001_A375_96H:TRCN0000040011:-666	1	0	0	0	0	0	0	0	0	0	0	0	0
929	TAK001_A375_96H:TRCN0000047710:-666	1	0	0	0	0	0	0	0	0	0	0	0	0
930	TAK001_A375_96H:TRCN0000196698:-666	1	0	0	0	0	0	0	0	0	0	0	0	0
931	TAK001_A375_96H:TRCN0000234679:-666	1	0	0	0	0	0	0	0	0	0	0	0	0
932	TAK001_A375_96H:TRCN0000295873:-666	1	0	0	0	0	0	0	0	0	0	0	0	0
933	TAK001_A375_96H:TRCN0000312625:-666	1	0	0	0	0	0	0	0	0	0	0	0	0
934	TAK001_A375_96H:TRCN0000318674:-666	1	0	0	0	0	0	0	0	0	0	0	0	0
935	TAK001_A375_96H:TRCN0000329887:-666	1	0	0	0	0	0	0	0	0	0	0	0	0
936	TAK001_A375_96H:TRCN0000338225:-666	1	0	0	0	0	0	0	0	0	0	0	0	0
937	TAK001_A375_96H:TRCN0000356094:-666	1	0	0	0	0	0	0	0	0	0	0	0	0
938	TAK001_A375_96H:TRCN0000376482:-666	1	0	0	0	0	0	0	0	0	0	0	0	0
939	TAK001_HEKTE_96H:TRCN0000000587:-666	0	0	0	0	1	0	0	0	0	0	0	0	0
940	TAK001_HEKTE_96H:TRCN0000000943:-666	0	0	0	0	1	0	0	0	0	0	0	0	0
941	TAK001_HEKTE_96H:TRCN0000002329:-666	0	0	0	0	1	0	0	0	0	0	0	0	0
942	TAK001_HEKTE_96H:TRCN0000003320:-666	0	0	0	0	1	0	0	0	0	0	0	0	0
943	TAK001_HEKTE_96H:TRCN0000003360:-666	0	0	0	0	1	0	0	0	0	0	0	0	0
944	TAK001_HEKTE_96H:TRCN0000003756:-666	0	0	0	0	1	0	0	0	0	0	0	0	0
945	TAK001_HEKTE_96H:TRCN0000003810:-666	0	0	0	0	1	0	0	0	0	0	0	0	0
946	TAK001_HEKTE_96H:TRCN0000004265:-666	0	0	0	0	1	0	0	0	0	0	0	0	0
947	TAK001_HEKTE_96H:TRCN0000006512:-666	0	0	0	0	1	0	0	0	0	0	0	0	0
948	TAK001_HEKTE_96H:TRCN0000008027:-666	0	0	0	0	1	0	0	0	0	0	0	0	0
949	TAK001_HEKTE_96H:TRCN0000010425:-666	0	0	0	0	1	0	0	0	0	0	0	0	0
950	TAK001_HEKTE_96H:TRCN0000020842:-666	0	0	0	0	1	0	0	0	0	0	0	0	0
951	TAK001_HEKTE_96H:TRCN0000039797:-666	0	0	0	0	1	0	0	0	0	0	0	0	0
952	TAK001_HEKTE_96H:TRCN0000040011:-666	0	0	0	0	1	0	0	0	0	0	0	0	0
953	TAK001_HEKTE_96H:TRCN0000047632:-666	0	0	0	0	1	0	0	0	0	0	0	0	0
954	TAK001_HEKTE_96H:TRCN0000047708:-666	0	0	0	0	1	0	0	0	0	0	0	0	0
955	TAK001_HEKTE_96H:TRCN0000058195:-666	0	0	0	0	1	0	0	0	0	0	0	0	0
956	TAK001_HEKTE_96H:TRCN0000061801:-666	0	0	0	0	1	0	0	0	0	0	0	0	0
957	TAK001_HEKTE_96H:TRCN0000196795:-666	0	0	0	0	1	0	0	0	0	0	0	0	0
958	TAK001_HEKTE_96H:TRCN0000226467:-666	0	0	0	0	1	0	0	0	0	0	0	0	0
959	TAK001_HEKTE_96H:TRCN0000233527:-666	0	0	0	0	1	0	0	0	0	0	0	0	0
960	TAK001_HEKTE_96H:TRCN0000234679:-666	0	0	0	0	1	0	0	0	0	0	0	0	0
961	TAK001_HEKTE_96H:TRCN0000271642:-666	0	0	0	0	1	0	0	0	0	0	0	0	0
962	TAK001_HEKTE_96H:TRCN0000287021:-666	0	0	0	0	1	0	0	0	0	0	0	0	0
963	TAK001_HEKTE_96H:TRCN0000312625:-666	0	0	0	0	1	0	0	0	0	0	0	0	0
964	TAK001_HEKTE_96H:TRCN0000329735:-666	0	0	0	0	1	0	0	0	0	0	0	0	0
965	TAK001_HEKTE_96H:TRCN0000330127:-666	0	0	0	0	1	0	0	0	0	0	0	0	0
966	TAK001_HEKTE_96H:TRCN0000330319:-666	0	0	0	0	1	0	0	0	0	0	0	0	0
967	TAK001_HEKTE_96H:TRCN0000352648:-666	0	0	0	0	1	0	0	0	0	0	0	0	0
968	TAK001_HEKTE_96H:TRCN0000356118:-666	0	0	0	0	1	0	0	0	0	0	0	0	0
969	TAK001_HEKTE_96H:TRCN0000376482:-666	0	0	0	0	1	0	0	0	0	0	0	0	0
970	TAK001_SW480_96H:G06	0	0	0	0	0	0	0	0	0	0	0	1	0
971	TAK001_SW480_96H:K12	0	0	0	0	0	0	0	0	0	0	0	1	0
972	TAK001_SW480_96H:K20	0	0	0	0	0	0	0	0	0	0	0	1	0
973	TAK002_A375_96H:TRCN0000061718:-666	1	0	0	0	0	0	0	0	0	0	0	0	0
974	TAK002_HEKTE_96H:TRCN0000002226:-666	0	0	0	0	1	0	0	0	0	0	0	0	0
975	TAK002_HEKTE_96H:TRCN0000003097:-666	0	0	0	0	1	0	0	0	0	0	0	0	0
976	TAK002_HEKTE_96H:TRCN0000003780:-666	0	0	0	0	1	0	0	0	0	0	0	0	0
977	TAK002_HEKTE_96H:TRCN0000010107:-666	0	0	0	0	1	0	0	0	0	0	0	0	0
978	TAK002_HEKTE_96H:TRCN0000033562:-666	0	0	0	0	1	0	0	0	0	0	0	0	0
979	TAK002_HEKTE_96H:TRCN0000038153:-666	0	0	0	0	1	0	0	0	0	0	0	0	0
980	TAK002_HEKTE_96H:TRCN0000039642:-666	0	0	0	0	1	0	0	0	0	0	0	0	0
981	TAK002_HEKTE_96H:TRCN0000061719:-666	0	0	0	0	1	0	0	0	0	0	0	0	0
982	TAK002_HEKTE_96H:TRCN0000121068:-666	0	0	0	0	1	0	0	0	0	0	0	0	0
983	TAK002_HEKTE_96H:TRCN0000221650:-666	0	0	0	0	1	0	0	0	0	0	0	0	0
984	TAK002_HEKTE_96H:TRCN0000332953:-666	0	0	0	0	1	0	0	0	0	0	0	0	0
985	TAK002_PC3_96H:TRCN0000003101:-666	0	0	0	0	0	0	0	0	0	1	0	0	0
986	TAK002_PC3_96H:TRCN0000003780:-666	0	0	0	0	0	0	0	0	0	1	0	0	0
987	TAK002_PC3_96H:TRCN0000008024:-666	0	0	0	0	0	0	0	0	0	1	0	0	0
988	TAK002_PC3_96H:TRCN0000038153:-666	0	0	0	0	0	0	0	0	0	1	0	0	0
989	TAK002_PC3_96H:TRCN0000121068:-666	0	0	0	0	0	0	0	0	0	1	0	0	0
990	TAK002_PC3_96H:TRCN0000196809:-666	0	0	0	0	0	0	0	0	0	1	0	0	0
991	TAK002_PC3_96H:TRCN0000221650:-666	0	0	0	0	0	0	0	0	0	1	0	0	0
992	TAK002_PC3_96H:TRCN0000231919:-666	0	0	0	0	0	0	0	0	0	1	0	0	0
993	TAK002_PC3_96H:TRCN0000332953:-666	0	0	0	0	0	0	0	0	0	1	0	0	0
994	TAK002_PC3_96H:TRCN0000355861:-666	0	0	0	0	0	0	0	0	0	1	0	0	0
995	TAK002_PC3_96H:TRCN0000356263:-666	0	0	0	0	0	0	0	0	0	1	0	0	0
996	TAK002_PC3_96H:TRCN0000367481:-666	0	0	0	0	0	0	0	0	0	1	0	0	0
997	TAK003_A375_96H:TRCN0000379919:-666	1	0	0	0	0	0	0	0	0	0	0	0	0
998	TAK003_HEKTE_96H:TRCN0000007229:-666	0	0	0	0	1	0	0	0	0	0	0	0	0
999	TAK003_HEKTE_96H:TRCN0000033456:-666	0	0	0	0	1	0	0	0	0	0	0	0	0
1000	TAK003_HEKTE_96H:TRCN0000057543:-666	0	0	0	0	1	0	0	0	0	0	0	0	0
1001	TAK003_PC3_96H:TRCN0000003164:-666	0	0	0	0	0	0	0	0	0	1	0	0	0
